text,wilaya,daira,item,name_fr,name_ar,check
executive-decree-91-306,01,1,seat,FENOUGHIL,فنوغيل,
executive-decree-91-306,01,1,1,Fenoughil,فنوغيل,
executive-decree-91-306,01,1,2,Tamest,تامست,
executive-decree-91-306,01,1,3,Tamantit,تامنطيت,
executive-decree-91-306,01,2,seat,REGGANE,رقان,
executive-decree-91-306,01,2,1,Reggane,رقان,
executive-decree-91-306,01,2,2,Sali,سالي,
executive-decree-91-306,01,3,seat,BORDJ BADJI MOKHTAR,برج باجي مختار,eye
executive-decree-91-306,01,3,1,Bordj Badji Mokhtar,برج باجي مختار,
executive-decree-91-306,01,3,2,Timiaouine,تيمياوين,
executive-decree-91-306,01,4,seat,AOULEF,أولف,
executive-decree-91-306,01,4,1,Aoulef,أولف,eye
executive-decree-91-306,01,4,2,Timekten,تيمقتن,eye
executive-decree-91-306,01,4,3,Tit,تيت,
executive-decree-91-306,01,4,4,Akabli,اقبلي,eye
executive-decree-91-306,01,5,seat,TIMIMOUN,تيميمون,eye
executive-decree-91-306,01,5,1,Timimoun,تيميمون,eye
executive-decree-91-306,01,5,2,Ouled Saïd,أولاد السعيد,
executive-decree-91-306,01,6,seat,TSABIT,تسابيت,
executive-decree-91-306,01,6,1,Tsabit,تسابيت,eye
executive-decree-91-306,01,6,2,Sbaa,السبع,eye
executive-decree-91-306,01,7,seat,AOUGROUT,أوقروت,
executive-decree-91-306,01,7,1,Aougrout,أوقروت,
executive-decree-91-306,01,7,2,Deldoul,دلدول,
executive-decree-91-306,01,7,3,Metarfa,المطارفة,
executive-decree-91-306,01,8,seat,TINERKOUK,تينركوك,
executive-decree-91-306,01,8,1,Tinerkouk,تينركوك,
executive-decree-91-306,01,8,2,Ksar Kaddour,قصر قدور,
executive-decree-91-306,01,9,seat,CHAROUINE,شروين,
executive-decree-91-306,01,9,1,Charouine,شروين,
executive-decree-91-306,01,9,2,Talmine,طالمين,
executive-decree-91-306,01,9,3,Ouled Aïssa,أولاد عيسى,eye
executive-decree-91-306,01,10,seat,ZAOUIAT KOUNTA,زاوية كنتة,eye
executive-decree-91-306,01,10,1,Zaouiat Kounta,زاوية كنتة,eye
executive-decree-91-306,01,10,2,In Zeghmir,إن زغمير,eye
executive-decree-91-306,01,11,seat,ADRAR,أدرار,eye
executive-decree-91-306,01,11,1,Adrar,أدرار,eye
executive-decree-91-306,01,11,2,Bouda,بودة,
executive-decree-91-306,01,11,3,Ouled Ahmed Timmi,أولاد أحمد تيمي,eye
executive-decree-91-306,02,1,seat,BOUKADIR,بوقادير,
executive-decree-91-306,02,1,1,Boukadir,بوقادير,
executive-decree-91-306,02,1,2,Sobha,صبحة,eye
executive-decree-91-306,02,1,3,Oued Sly,وادي سلي,
executive-decree-91-306,02,2,seat,TENES,تنس,
executive-decree-91-306,02,2,1,Ténès,تنس,
executive-decree-91-306,02,2,2,Sidi Akacha,سيدي عكاشة,eye
executive-decree-91-306,02,3,seat,OULED FARES,أولاد فارس,
executive-decree-91-306,02,3,1,Ouled Farès,أولاد فارس,eye
executive-decree-91-306,02,3,2,Chettia,الشطية,
executive-decree-91-306,02,3,3,Labiodh Medjadja,الأبيض مجاجة,eye
executive-decree-91-306,02,4,seat,OUED FODDA,وادي الفضة,
executive-decree-91-306,02,4,1,Oued Fodda,وادي الفضة,
executive-decree-91-306,02,4,2,Ouled Abbas,أولاد عباس,eye
executive-decree-91-306,02,4,3,Béni Rached,بني راشد,eye
executive-decree-91-306,02,5,seat,BENI HAOUA,بني حواء,
executive-decree-91-306,02,5,1,Béni Haoua,بني حواء,eye
executive-decree-91-306,02,5,2,Oued Goussine,وادي قوسين,
executive-decree-91-306,02,5,3,Breira,بريرة,
executive-decree-91-306,02,6,seat,AIN MERANE,عين مران,
executive-decree-91-306,02,6,1,Ain Merane,عين مران,eye
executive-decree-91-306,02,6,2,Harenfa,الهرنفة,eye
executive-decree-91-306,02,7,seat,EL KARIMIA,الكريمية,
executive-decree-91-306,02,7,1,El Karimia,الكريمية,
executive-decree-91-306,02,7,2,Harchoune,حرشون,eye
executive-decree-91-306,02,7,3,Béni Bouatteb,بني بوعتاب,eye
executive-decree-91-306,02,8,seat,OULED BEN ABDELKADER,أولاد بن عبد القادر,eye
executive-decree-91-306,02,8,1,Ouled Ben Abdelkader,أولاد بن عبد القادر,
executive-decree-91-306,02,8,2,El Hadjadj,الحجاج,eye
executive-decree-91-306,02,9,seat,ABOU EL HASSAN,أبو الحسن,
executive-decree-91-306,02,9,1,Abou El Hassan,أبو الحسن,eye
executive-decree-91-306,02,9,2,Tadjena,تاجنة,
executive-decree-91-306,02,9,3,Talassa,تلعصة,eye
executive-decree-91-306,02,10,seat,ZEBOUDJA,الزبوجة,
executive-decree-91-306,02,10,1,Zeboudja,الزبوجة,eye
executive-decree-91-306,02,10,2,Benaria,بنارية,eye
executive-decree-91-306,02,10,3,Bouzeghaïa,بوزغاية,eye
executive-decree-91-306,02,11,seat,EL MARSA,المرسى,
executive-decree-91-306,02,11,1,El Marsa,المرسى,
executive-decree-91-306,02,11,2,Sidi Abderrahmane,سيدي عبد الرحمن,
executive-decree-91-306,02,11,3,Moussedek,محسدق,eye
executive-decree-91-306,02,12,seat,TAOUGRITE,تاوقريت,
executive-decree-91-306,02,12,1,Taougrite,تاوقريت,
executive-decree-91-306,02,12,2,Dahra,الظهرة,eye
executive-decree-91-306,02,13,seat,CHLEF,الشلف,eye
executive-decree-91-306,02,13,1,Chlef,الشلف,
executive-decree-91-306,02,13,2,Oum Drou,أم الدروع,eye
executive-decree-91-306,02,13,3,Sendjas,السنجاس,eye
executive-decree-91-306,03,1,seat,AFLOU,آفلو,eye
executive-decree-91-306,03,1,1,Aflou,آفلو,eye
executive-decree-91-306,03,1,2,Sebgag,سبقاق,
executive-decree-91-306,03,1,3,Sidi Bouzid,سيدي بوزيد,eye
executive-decree-91-306,03,2,seat,BRIDA,بريدة,
executive-decree-91-306,03,2,1,Brida,بريدة,
executive-decree-91-306,03,2,2,Hadj Mecheri,الحاج مشري,eye
executive-decree-91-306,03,2,3,Taouiala,تاويالة,eye
executive-decree-91-306,03,3,seat,KSAR EL HIRANE,قصر الحيران,
executive-decree-91-306,03,3,1,Ksar El Hirane,قصر الحيران,
executive-decree-91-306,03,3,2,Benacer Benchohra,بن ناصر بن شهرة,eye
executive-decree-91-306,03,4,seat,AIN MADHI,عين ماضي,
executive-decree-91-306,03,4,1,Aïn Madhi,عين ماضي,eye
executive-decree-91-306,03,4,2,Kheneg,الخنق,
executive-decree-91-306,03,4,3,El Houita,الحويطة,eye
executive-decree-91-306,03,4,4,Tadjemout,تاجموت,
executive-decree-91-306,03,4,5,Tadjerouna,تاجرونة,eye
executive-decree-91-306,03,5,seat,HASSI R’MEL,حاسي الرمل,
executive-decree-91-306,03,5,1,Hassi R’Mel,حاسي الرمل,
executive-decree-91-306,03,5,2,Hassi Delaa,حاسي الدلاعة,eye
executive-decree-91-306,03,6,seat,GUELTAT SIDI SAAD,قلتة سيدي سعد,eye
executive-decree-91-306,03,6,1,Gueltat Sidi Saad,قلتة سيدي سعد,
executive-decree-91-306,03,6,2,Aïn Sidi Ali,عين سيدي علي,
executive-decree-91-306,03,6,3,Beidha,بيضاء,eye
executive-decree-91-306,03,7,seat,SIDI MAKHLOUF,سيدي مخلوف,
executive-decree-91-306,03,7,1,Sidi Makhlouf,سيدي مخلوف,
executive-decree-91-306,03,7,2,El Assafia,العسفية,eye
executive-decree-91-306,03,8,seat,OUED MORRA,وادي مرة,
executive-decree-91-306,03,8,1,Oued Morra,وادي مرة,
executive-decree-91-306,03,8,2,Oued M’Zi,وادي مزي,
executive-decree-91-306,03,9,seat,EL GHICHA,الغيشة,
executive-decree-91-306,03,9,1,El Ghicha,الغيشة,eye
executive-decree-91-306,03,10,seat,LAGHOUAT,الأغواط,
executive-decree-91-306,03,10,1,Laghouat,الأغواط,
executive-decree-91-306,04,1,seat,AIN BABOUCHE,عين بابوش,
executive-decree-91-306,04,1,1,Aïn Babouche,عين بابوش,
executive-decree-91-306,04,1,2,Aïn Diss,عين الديس,
executive-decree-91-306,04,2,seat,AIN BEIDA,عين البيضاء,
executive-decree-91-306,04,2,1,Aïn Beida,عين البيضاء,
executive-decree-91-306,04,2,2,Zorg,الزرق,eye
executive-decree-91-306,04,2,3,Berriche,بريش,
executive-decree-91-306,04,3,seat,AIN M’LILA,عين مليلة,
executive-decree-91-306,04,3,1,Aïn M’Lila,عين مليلة,eye
executive-decree-91-306,04,3,2,Ouled Hamla,أولاد حملة,
executive-decree-91-306,04,3,3,Ouled Gacem,أولاد قاسم,
executive-decree-91-306,04,4,seat,MESKIANA,مسكيانة,
executive-decree-91-306,04,4,1,Meskiana,مسكيانة,
executive-decree-91-306,04,4,2,Behir Chergui,بحير الشرقى,eye
executive-decree-91-306,04,4,3,El Bellala,البلالة,eye
executive-decree-91-306,04,4,4,Rahia,الراحية,eye
executive-decree-91-306,04,5,seat,AIN FAKROUN,عين الفكرون,eye
executive-decree-91-306,04,5,1,Aïn Fakroun,عين الفكرون,eye
executive-decree-91-306,04,5,2,Sigus,سيقوس,
executive-decree-91-306,04,5,3,El Amiria,العامرية,
executive-decree-91-306,04,6,seat,SOUK NAAMANE,سوق نعمان,
executive-decree-91-306,04,6,1,Souk Naamane,سوق نعمان,
executive-decree-91-306,04,6,2,Bir Chouhada,بئر الشهداء,
executive-decree-91-306,04,6,3,Ouled Zoui,أولاد الزوي,eye
executive-decree-91-306,04,7,seat,AIN KERCHA,عين كرشة,
executive-decree-91-306,04,7,1,Aïn Kercha,عين كرشة,
executive-decree-91-306,04,7,2,Hanchir Toumghani,هنشير تومغاني,eye
executive-decree-91-306,04,7,3,El Harmilia,الحرملية,
executive-decree-91-306,04,7,4,El Fedjoudj Boughrara Saoudi,الفجوج بوغرارة سعودي,
executive-decree-91-306,04,8,seat,F’KIRINA,فكيرينة,eye
executive-decree-91-306,04,8,1,F’Kirina,فكيرينة,eye
executive-decree-91-306,04,8,2,Oued Nini,وادي نيني,
executive-decree-91-306,04,9,seat,DHALAA,الضلعة,
executive-decree-91-306,04,9,1,Dhalaa,الضلعة,
executive-decree-91-306,04,9,2,Djazia,الجازية,eye
executive-decree-91-306,04,10,seat,KSAR SBAHI,قصر الصباحي,eye
executive-decree-91-306,04,10,1,Ksar Sbahi,قصر الصباحي,eye
executive-decree-91-306,04,11,seat,OUM EL BOUAGHI,أم البواقي,
executive-decree-91-306,04,11,1,Oum El Bouaghi,أم البواقي,
executive-decree-91-306,04,11,2,Aïn Zitoun,عين الزيتون,eye
executive-decree-91-306,05,1,seat,RAS EL AIOUN,رأس العيون,
executive-decree-91-306,05,1,1,Ras El Aioun,رأس العيون,
executive-decree-91-306,05,1,2,Guigba,قيقبة,eye
executive-decree-91-306,05,1,3,Guecha,الڤشة,eye
executive-decree-91-306,05,2,seat,BARIKA,بريكة,
executive-decree-91-306,05,2,1,Barika,بريكة,eye
executive-decree-91-306,05,2,2,Bitam,بيطام,eye
executive-decree-91-306,05,2,3,M’Doukel,مدوكل,eye
executive-decree-91-306,05,3,seat,AIN TOUTA,عين التوتة,
executive-decree-91-306,05,3,1,Aïn Touta,عين التوتة,eye
executive-decree-91-306,05,3,2,Ouled Aouf,أولاد عوف,
executive-decree-91-306,05,3,3,Maafa,معافة,
executive-decree-91-306,05,3,4,Béni Foudala El Hakania,بني فضالة الحقانية,eye
executive-decree-91-306,05,4,seat,MEROUANA,مروانة,
executive-decree-91-306,05,4,1,Merouana,مروانة,eye
executive-decree-91-306,05,4,2,Hidoussa,حيدوسة,
executive-decree-91-306,05,4,3,Ksar Belezma,قصر بلزمة,eye
executive-decree-91-306,05,4,4,Oued El Ma,وادي الماء,
executive-decree-91-306,05,5,seat,N’GAOUS,نقاوس,
executive-decree-91-306,05,5,1,N’Gaous,نقاوس,
executive-decree-91-306,05,5,2,Boumagueur,بومقر,
executive-decree-91-306,05,5,3,Sefiane,سفيان,
executive-decree-91-306,05,6,seat,SERIANA,سريانة,
executive-decree-91-306,05,6,1,Seriana,سريانة,
executive-decree-91-306,05,6,2,Lazrou,لازرو,
executive-decree-91-306,05,6,3,Zana El Beida,زانة البيضاء,eye
executive-decree-91-306,05,7,seat,EL MADHER,المعذر,
executive-decree-91-306,05,7,1,El Madher,المعذر,
executive-decree-91-306,05,7,2,Boumia,بومية,
executive-decree-91-306,05,7,3,Aïn Yagout,عين ياقوت,eye
executive-decree-91-306,05,7,4,Djerma,جرمة,
executive-decree-91-306,05,8,seat,TAZOULT,تازولت,
executive-decree-91-306,05,8,1,Tazoult,تازولت,
executive-decree-91-306,05,8,2,Ouyoun El-Assafir,عيون العصافير,eye
executive-decree-91-306,05,9,seat,THENIET EL ABED,ثنية العابد,eye
executive-decree-91-306,05,9,1,Theniet El Abed,ثنية العابد,eye
executive-decree-91-306,05,9,2,Chir,شير,eye
executive-decree-91-306,05,9,3,Oued Taga,وادي التاقة,eye
executive-decree-91-306,05,10,seat,ARRIS,أريس,eye
executive-decree-91-306,05,10,1,Arris,أريس,eye
executive-decree-91-306,05,10,2,Tighanimine,تغانمين,eye
executive-decree-91-306,05,11,seat,TIMGAD,تيمقاد,
executive-decree-91-306,05,11,1,Timgad,تيمقاد,
executive-decree-91-306,05,11,2,Ouled Fadhel,أولاد فاضل,eye
executive-decree-91-306,05,12,seat,CHEMORA,شمرة,eye
executive-decree-91-306,05,12,1,Chemora,شمرة,eye
executive-decree-91-306,05,12,2,Boulhilet,بو الحيلات,eye
executive-decree-91-306,05,13,seat,AIN DJASSER,عين جاسر,
executive-decree-91-306,05,13,1,Aïn Djassar,عين جاسر,eye
executive-decree-91-306,05,13,2,El Hassi,الحاسي,
executive-decree-91-306,05,14,seat,OULED SELLEM,أولاد سلام,eye
executive-decree-91-306,05,14,1,Ouled Sellem,أولاد سلام,eye
executive-decree-91-306,05,14,2,Talkhamt,تالغمت,eye
executive-decree-91-306,05,14,3,Rahbat,الرحبات,
executive-decree-91-306,05,15,seat,TKOUT,تكوت,eye
executive-decree-91-306,05,15,1,Tkout,تكوت,eye
executive-decree-91-306,05,15,2,Ghassira,غسيرة,
executive-decree-91-306,05,15,3,Kimel,كيمل,eye
executive-decree-91-306,05,16,seat,DJEZZAR,الجزار,eye
executive-decree-91-306,05,16,1,Djezzar,الجزار,eye
executive-decree-91-306,05,16,2,Ouled Ammar,أولاد عمار,
executive-decree-91-306,05,16,3,Metkaouek,المتكوك,eye
executive-decree-91-306,05,17,seat,BOUZINA,بوزينة,
executive-decree-91-306,05,17,1,Bouzina,بوزينة,
executive-decree-91-306,05,17,2,Larbaa,لرباع,eye
executive-decree-91-306,05,18,seat,MENAA,منعة,eye
executive-decree-91-306,05,18,1,Menaa,منعة,
executive-decree-91-306,05,18,2,Tigherghar,تغرغار,eye
executive-decree-91-306,05,19,seat,ICHMOUL,إشمول,
executive-decree-91-306,05,19,1,Ichmoul,إشمول,eye
executive-decree-91-306,05,19,2,Foum Toub,فم الطوب,
executive-decree-91-306,05,19,3,Inoughissen,إنوغيسن,eye
executive-decree-91-306,05,20,seat,SEGGANA,سقانة,
executive-decree-91-306,05,20,1,Seggana,سقانة,eye
executive-decree-91-306,05,20,2,Tilatou,تيلاطو,
executive-decree-91-306,05,21,seat,OULED SI SLIMANE,أولاد سي سليمان,eye
executive-decree-91-306,05,21,1,Ouled Si Slimane,أولاد سي سليمان,
executive-decree-91-306,05,21,2,Lemsane,لمسان,
executive-decree-91-306,05,21,3,Taxlent,تاكسلانت,
executive-decree-91-306,05,22,seat,BATNA,باتنة,
executive-decree-91-306,05,22,1,Batna,باتنة,
executive-decree-91-306,05,22,2,Oued Chaaba,وادي الشعبة,
executive-decree-91-306,05,22,3,Fesdis,فسديس,
executive-decree-91-306,06,1,seat,TICHY,تيشي,
executive-decree-91-306,06,1,1,Tichy,تيشي,
executive-decree-91-306,06,1,2,Boukhelifa,بوخليفة,
executive-decree-91-306,06,1,3,Tala Hamza,تالة حمزة,
executive-decree-91-306,06,2,seat,AKBOU,آقبو,eye
executive-decree-91-306,06,2,1,Akbou,آقبو,eye
executive-decree-91-306,06,2,2,Ighram,اغرم,eye
executive-decree-91-306,06,2,3,Tamokra,تامقرة,eye
executive-decree-91-306,06,2,4,Chellata,شلاطة,
executive-decree-91-306,06,3,seat,AMIZOUR,أميزور,
executive-decree-91-306,06,3,1,Amizour,أميزور,
executive-decree-91-306,06,3,2,Béni Djellil,بني جليل,eye
executive-decree-91-306,06,3,3,Semaoune,سمعون,eye
executive-decree-91-306,06,3,4,Ferraoun,فرعون,eye
executive-decree-91-306,06,4,seat,ADEKAR,أذكار,eye
executive-decree-91-306,06,4,1,Adekar,أذكار,eye
executive-decree-91-306,06,4,2,Taourirt Ighil,تاوريرت اغيل,eye
executive-decree-91-306,06,4,3,Béni Ksila,بني كسيلة,eye
executive-decree-91-306,06,5,seat,SEDDOUK,صدوق,
executive-decree-91-306,06,5,1,Seddouk,صدوق,
executive-decree-91-306,06,5,2,Amalou,أمالو,
executive-decree-91-306,06,5,3,Bouhamza,بوحمزة,
executive-decree-91-306,06,5,4,M’Cisna,مسيسنة,eye
executive-decree-91-306,06,6,seat,KHERRATA,خراطة,eye
executive-decree-91-306,06,6,1,Kherrata,خراطة,eye
executive-decree-91-306,06,6,2,Draa El Kaïd,ذراع القايد,eye
executive-decree-91-306,06,7,seat,SIDI AICH,سيدي عيش,
executive-decree-91-306,06,7,1,Sidi Aïch,سيدي عيش,
executive-decree-91-306,06,7,2,Leflaye,لفلاي,
executive-decree-91-306,06,7,3,Thinabdher,تينبذار,eye
executive-decree-91-306,06,7,4,Tifra,تيفرة,
executive-decree-91-306,06,7,5,Sidi Ayad,سيدي عياد,eye
executive-decree-91-306,06,8,seat,TIMZRIT,تيمزريت,eye
executive-decree-91-306,06,8,1,Timzrit,تيمزريت,eye
executive-decree-91-306,06,9,seat,CHEMINI,شميني,
executive-decree-91-306,06,9,1,Chemini,شميني,
executive-decree-91-306,06,9,2,Souk Oufella,السوق أوفلا,eye
executive-decree-91-306,06,9,3,Tibane,طيبان,
executive-decree-91-306,06,9,4,Akfadou,أكفادو,
executive-decree-91-306,06,10,seat,IGHIL ALI,إغيل علي,
executive-decree-91-306,06,10,1,Ighil Ali,إغيل علي,
executive-decree-91-306,06,10,2,Aitrizine,آيت رزين,eye
executive-decree-91-306,06,11,seat,SOUK EL TENINE,سوق الاثنين,eye
executive-decree-91-306,06,11,1,Souk El Tenine,سوق الاثنين,eye
executive-decree-91-306,06,11,2,Melbou,ملبو,
executive-decree-91-306,06,11,3,Tamridjet,تامريجت,
executive-decree-91-306,06,12,seat,EL KSEUR,القصر,
executive-decree-91-306,06,12,1,El Kseur,القصر,
executive-decree-91-306,06,12,2,Toudja,توجة,
executive-decree-91-306,06,12,3,Iflaine El Maten,فلاين الماثن,eye
executive-decree-91-306,06,13,seat,BARBACHA,برباشة,
executive-decree-91-306,06,13,1,Barbacha,برباشة,
executive-decree-91-306,06,13,2,Kendira,كنديرة,
executive-decree-91-306,06,14,seat,DARGUINA,درقينة,
executive-decree-91-306,06,14,1,Darguina,درقينة,
executive-decree-91-306,06,14,2,Taskriout,تاسكريوت,
executive-decree-91-306,06,14,3,Aït Smaïl,آيت إسماعيل,eye
executive-decree-91-306,06,15,seat,BENI MAOUCHE,بني معوش,
executive-decree-91-306,06,15,1,Béni Maouche,بني معوش,eye
executive-decree-91-306,06,16,seat,AOKAS,أوقاس,
executive-decree-91-306,06,16,1,Aokas,أوقاس,
executive-decree-91-306,06,16,2,Tizi N’Berber,تيزي نبربر,eye
executive-decree-91-306,06,17,seat,IFRI OUZELLAGUENE,أوزلاقن,eye
executive-decree-91-306,06,17,1,Ouzellaguène,أوزلاقن,eye
executive-decree-91-306,06,18,seat,TAZMALT,تازمالت,
executive-decree-91-306,06,18,1,Tazmalt,تازمالت,
executive-decree-91-306,06,18,2,Béni Melikeche,بني مليكش,eye
executive-decree-91-306,06,18,3,Boudjellil,بوجليل,
executive-decree-91-306,06,19,seat,BEDJIA,بجاية,eye
executive-decree-91-306,06,19,1,Béjaia,بجاية,eye
executive-decree-91-306,06,19,2,Oued Ghir,وادي غير,
executive-decree-91-306,07,1,seat,EL OUTAYA,الوطاية,eye
executive-decree-91-306,07,1,1,El Outaya,الوطاية,eye
executive-decree-91-306,07,2,seat,SIDI OKBA,سيدي عقبة,eye
executive-decree-91-306,07,2,1,Sidi Okba,سيدي عقبة,eye
executive-decree-91-306,07,2,2,El Haouch,الحوش,
executive-decree-91-306,07,2,3,Chetma,شتمة,
executive-decree-91-306,07,2,4,Aïn Naga,عين الناقة,
executive-decree-91-306,07,3,seat,TOLGA,طولقة,
executive-decree-91-306,07,3,1,Tolga,طولقة,
executive-decree-91-306,07,3,2,Bouchagroun,بوشقرون,eye
executive-decree-91-306,07,3,3,Lichana,لشانة,eye
executive-decree-91-306,07,3,4,Bordj Benazzouz,برج بن عزوز,eye
executive-decree-91-306,07,4,seat,OULED DJELLAL,أولاد جلال,
executive-decree-91-306,07,4,1,Ouled Djellal,أولاد جلال,
executive-decree-91-306,07,4,2,Doucen,الدوسن,
executive-decree-91-306,07,4,3,Chaïba,الشعيبة,eye
executive-decree-91-306,07,5,seat,OURLAL,أورلال,
executive-decree-91-306,07,5,1,Ourlal,أورلال,
executive-decree-91-306,07,5,2,Oumache,أوماش,
executive-decree-91-306,07,5,3,Lioua,لواء,eye
executive-decree-91-306,07,5,4,M’Lili,مليلي,
executive-decree-91-306,07,5,5,Mekhadma,مخادمة,
executive-decree-91-306,07,6,seat,ZERIBET EL OUED,زريبة الوادي,
executive-decree-91-306,07,6,1,Zeribet El Oued,زريبة الوادي,
executive-decree-91-306,07,6,2,El Feidh,الفيض,eye
executive-decree-91-306,07,6,3,Khanguet Sidi Nadji,خنقة سيدي ناجي,eye
executive-decree-91-306,07,6,4,Meziraa,المزيرعة,eye
executive-decree-91-306,07,7,seat,EL KANTARA,القنطرة,eye
executive-decree-91-306,07,7,1,El Kantara,القنطرة,eye
executive-decree-91-306,07,7,2,Aïn Zaatout,عين زعطوط,eye
executive-decree-91-306,07,8,seat,SIDI KHALED,سيدي خالد,
executive-decree-91-306,07,8,1,Sidi Khaled,سيدي خالد,
executive-decree-91-306,07,8,2,Besbes,بسباس,eye
executive-decree-91-306,07,8,3,Ras El Miaad,رأس الميعاد,eye
executive-decree-91-306,07,9,seat,FOUGHALA,فوغالة,
executive-decree-91-306,07,9,1,Foughala,فوغالة,
executive-decree-91-306,07,9,2,El GHrous,الغروس,eye
executive-decree-91-306,07,10,seat,MECHOUNECHE,مشونش,eye
executive-decree-91-306,07,10,1,Mechounèche,مشونش,eye
executive-decree-91-306,07,11,seat,BISKRA,بسكرة,
executive-decree-91-306,07,11,1,Biskra,بسكرة,
executive-decree-91-306,07,11,2,El Hadjeb,الحاجب,
executive-decree-91-306,07,12,seat,DJEMOURAH,جمورة,eye
executive-decree-91-306,07,12,1,Djemourah,جمورة,eye
executive-decree-91-306,07,12,2,Branis,البرانس,eye
executive-decree-91-306,08,1,seat,KENADSA,قنادسة,eye
executive-decree-91-306,08,1,1,Kenadsa,قنادسة,eye
executive-decree-91-306,08,1,2,Meridja,مريجة,
executive-decree-91-306,08,2,seat,BENI OUNIF,بني ونيف,eye
executive-decree-91-306,08,2,1,Beni Ounif,بني ونيف,
executive-decree-91-306,08,3,seat,ABADLA,العبادلة,
executive-decree-91-306,08,3,1,Abadla,العبادلة,eye
executive-decree-91-306,08,3,2,Mechra Houari Boumédiène,مشرع هواري بومدين,eye
executive-decree-91-306,08,3,3,Arg Ferradj,عرق فراج,eye
executive-decree-91-306,08,4,seat,BENI ABBES,بني عباس,eye
executive-decree-91-306,08,4,1,Béni Abbes,بني عباس,eye
executive-decree-91-306,08,4,2,Tamtert,تامترت,eye
executive-decree-91-306,08,5,seat,KERZAZ,كرزاز,
executive-decree-91-306,08,5,1,Kerzaz,كرزاز,
executive-decree-91-306,08,5,2,Timoudi,تيمودي,
executive-decree-91-306,08,6,seat,LAHMAR,الأحمر,eye
executive-decree-91-306,08,6,1,Lahmar,الأحمر,eye
executive-decree-91-306,08,6,2,Boukais,بوقايس,eye
executive-decree-91-306,08,6,3,Mougheul,موغل,
executive-decree-91-306,08,7,seat,TAGHIT,تاغيت,eye
executive-decree-91-306,08,7,1,Taghit,تاغيت,eye
executive-decree-91-306,08,8,seat,IGLI,إيقلي,eye
executive-decree-91-306,08,8,1,Igli,إيقلي,eye
executive-decree-91-306,08,9,seat,EL OUATA,الوطاء,eye
executive-decree-91-306,08,9,1,El Ouata,الوطاء,eye
executive-decree-91-306,08,9,2,Beni Ikhlef,بني يخلف,eye
executive-decree-91-306,08,10,seat,OULED KHODEIR,أولاد خضير,eye
executive-decree-91-306,08,10,1,Ouled Khodeir,أولاد خضير,eye
executive-decree-91-306,08,10,2,Ksabi,قصابي,eye
executive-decree-91-306,08,11,seat,TABELBALA,تبلبالة,
executive-decree-91-306,08,11,1,Tabelbala,تبلبالة,
executive-decree-91-306,08,12,seat,BECHAR,بشار,
executive-decree-91-306,08,12,1,Bechar,بشار,eye
executive-decree-91-306,09,1,seat,BOUFARIK,بوفاريك,
executive-decree-91-306,09,1,1,Boufarik,بوفاريك,
executive-decree-91-306,09,1,2,Guerrouaou,قرواو,eye
executive-decree-91-306,09,1,3,Soumaa,الصومعة,
executive-decree-91-306,09,2,seat,LARBAA,الاربعاء,eye
executive-decree-91-306,09,2,1,Larbaa,الاربعاء,eye
executive-decree-91-306,09,2,2,Souhane,صوحان,
executive-decree-91-306,09,3,seat,EL AFFROUN,العفرون,
executive-decree-91-306,09,3,1,El Affroun,العفرون,
executive-decree-91-306,09,3,2,Oued Djer,وادي جر,eye
executive-decree-91-306,09,4,seat,OULED YAICH,أولاد يعيش,
executive-decree-91-306,09,4,1,Ouled Yaich,أولاد يعيش,eye
executive-decree-91-306,09,4,2,Béni Mered,بني مراد,eye
executive-decree-91-306,09,4,3,Chréa,الشريعة,
executive-decree-91-306,09,5,seat,CHEBLI,الشبلي,eye
executive-decree-91-306,09,5,1,Chebli,الشبلي,
executive-decree-91-306,09,5,2,Bouinan,بوعينان,eye
executive-decree-91-306,09,5,3,Ouled Chebel,أولاد شبل,
executive-decree-91-306,09,6,seat,BOUGARA,بوقرة,
executive-decree-91-306,09,6,1,Bougara,بوقرة,
executive-decree-91-306,09,6,2,Hammam El Ouane,حمام ألوان,eye
executive-decree-91-306,09,7,seat,OUED EL ALLEUG,وادي العلايق,eye
executive-decree-91-306,09,7,1,Oued El Alleug,وادي العلايق,eye
executive-decree-91-306,09,7,2,Béni Tamou,بني تامو,eye
executive-decree-91-306,09,7,3,Ben Khellil,ابن خليل,eye
executive-decree-91-306,09,8,seat,BIRTOUTA,بئر التوتة,eye
executive-decree-91-306,09,8,1,Birtouta,بئر التوتة,eye
executive-decree-91-306,09,8,2,Tassala el Merdja,تسالة المرجة,eye
executive-decree-91-306,09,9,seat,MOUZAIA,موزاية,
executive-decree-91-306,09,9,1,Mouzaïa,موزاية,eye
executive-decree-91-306,09,9,2,Ain Romana,عين الرمانة,eye
executive-decree-91-306,09,9,3,Chiffa,الشفة,
executive-decree-91-306,09,10,seat,MEFTAH,مفتاح,eye
executive-decree-91-306,09,10,1,Meftah,مفتاح,
executive-decree-91-306,09,10,2,Djebabra,جبابرة,eye
executive-decree-91-306,09,11,seat,SIDI MOUSSA,سيدي موسى,
executive-decree-91-306,09,11,1,Sidi Moussa,سيدي موسى,
executive-decree-91-306,09,11,2,Ouled Selama,أولاد سلامة,eye
executive-decree-91-306,09,12,seat,BLIDA,البليدة,
executive-decree-91-306,09,12,1,Blida,البليدة,eye
executive-decree-91-306,09,12,2,Bouarfa,بوعرفة,eye
executive-decree-91-306,10,1,seat,LAKHDARIA,الأخضرية,
executive-decree-91-306,10,1,1,Lakhdaria,الأخضرية,
executive-decree-91-306,10,1,2,Boukram,بوكرم,eye
executive-decree-91-306,10,1,3,Bouderbala,بودربالة,
executive-decree-91-306,10,1,4,Guerrouma,قرومة,
executive-decree-91-306,10,1,5,Z’barbar,زبربر,eye
executive-decree-91-306,10,1,6,Maala,معلة,eye
executive-decree-91-306,10,2,seat,HAIZER,الحيزر,eye
executive-decree-91-306,10,2,1,Haizer,الحيزر,eye
executive-decree-91-306,10,2,2,Taghzout,تاغزوت,
executive-decree-91-306,10,3,seat,M’CHEDELLAH,مشد الله,eye
executive-decree-91-306,10,3,1,M’Chedellah,مشد الله,eye
executive-decree-91-306,10,3,2,Saharidj,الصهاريج,eye
executive-decree-91-306,10,3,3,Chorfa,الشرفاء,eye
executive-decree-91-306,10,3,4,Aghbalou,أغبالو,
executive-decree-91-306,10,3,5,Hanif,حنيف,eye
executive-decree-91-306,10,3,6,Taourirt,تاوريرت,eye
executive-decree-91-306,10,4,seat,SOUR EL-GHOZLANE,سور الغزلان,eye
executive-decree-91-306,10,4,1,Sour El Ghozlane,سور الغزلان,
executive-decree-91-306,10,4,2,Dechmia,الدشمية,
executive-decree-91-306,10,4,3,Ridane,ريدان,
executive-decree-91-306,10,4,4,Maamora,المعمورة,
executive-decree-91-306,10,4,5,Dirah,ديرة,eye
executive-decree-91-306,10,4,6,El Hakimia,الحكيمية,eye
executive-decree-91-306,10,5,seat,AIN BESSEM,عين بسام,
executive-decree-91-306,10,5,1,Aïn Bessem,عين بسام,
executive-decree-91-306,10,5,2,Aïn Laloui,عين العلوي,
executive-decree-91-306,10,5,3,Aïn Lahdjar,عين الحجر,
executive-decree-91-306,10,6,seat,KADIRIA,القادرية,eye
executive-decree-91-306,10,6,1,Kadiria,القادرية,eye
executive-decree-91-306,10,6,2,Aomar,أعمر,eye
executive-decree-91-306,10,6,3,Djebahia,جباحية,eye
executive-decree-91-306,10,7,seat,BECHLOUL,بشلول,
executive-decree-91-306,10,7,1,Bechloul,بشلول,
executive-decree-91-306,10,7,2,El Adjiba,العجيبة,eye
executive-decree-91-306,10,7,3,Ahl El Ksar,أهل القصر,eye
executive-decree-91-306,10,7,4,Ouled Rached,أولاد راشد,eye
executive-decree-91-306,10,7,5,El Asnam,الاسنام,eye
executive-decree-91-306,10,8,seat,El HACHIMIA,الهاشمية,eye
executive-decree-91-306,10,8,1,El Hachimia,الهاشمية,
executive-decree-91-306,10,8,2,Oued El Berdi,وادي البردي,
executive-decree-91-306,10,9,seat,BORDJ OKHRISS,برج أوخريص,eye
executive-decree-91-306,10,9,1,Bordj Okhriss,برج أوخريص,eye
executive-decree-91-306,10,9,2,Mesdour,مسدور,eye
executive-decree-91-306,10,9,3,Taguedit,تاقديت,
executive-decree-91-306,10,9,4,Hadjra Zerga,الحجرة الزرقاء,eye
executive-decree-91-306,10,10,seat,BIR GHBALOU,بئر غبالو,
executive-decree-91-306,10,10,1,Bir Ghbalou,بئر غبالو,
executive-decree-91-306,10,10,2,Raouraoua,الروراوة,eye
executive-decree-91-306,10,10,3,El Khebouzia,الخبوزية,eye
executive-decree-91-306,10,11,seat,SOUK EL KHEMIS,سوق الخميس,
executive-decree-91-306,10,11,1,Souk El Khemis,سوق الخميس,
executive-decree-91-306,10,11,2,El Mokrani,المقراني,
executive-decree-91-306,10,12,seat,BOUIRA,البويرة,
executive-decree-91-306,10,12,1,Bouira,البويرة,
executive-decree-91-306,10,12,2,Ain Turk,عين الترك,eye
executive-decree-91-306,10,12,3,Ait Laaziz,آيت لعزيز,eye
executive-decree-91-306,11,1,seat,TAZROUK,تازروق,eye
executive-decree-91-306,11,1,1,Tazrouk,تازروق,eye
executive-decree-91-306,11,1,2,Idlès,ادلس,eye
executive-decree-91-306,11,2,seat,SILET ABALESSA,سيلات أباليسا,eye
executive-decree-91-306,11,2,1,Silet Abalessa,سيلات أباليسا,eye
executive-decree-91-306,11,3,seat,IN GUEZZAM,إن قزام,eye
executive-decree-91-306,11,3,1,In Guezzam,ان قزام,eye
executive-decree-91-306,11,4,seat,IN SALAH,إن صالح,
executive-decree-91-306,11,4,1,In Salah,ان صالح,eye
executive-decree-91-306,11,4,2,Foggaret Ezzouaoua,فقارات الزاوية,eye
executive-decree-91-306,11,5,seat,TIN ZOUATINE,تين زواتين,eye
executive-decree-91-306,11,5,1,Tin Zouatine,تين زواتين,eye
executive-decree-91-306,11,6,seat,IN GHAR,إن غار,
executive-decree-91-306,11,6,1,In Ghar,ان غار,eye
executive-decree-91-306,11,7,seat,TAMANGHASSET,تامنغست,eye
executive-decree-91-306,11,7,1,Tamanghasset,تامنغست,eye
executive-decree-91-306,11,7,2,In Amguel,إن أمقل,eye
executive-decree-91-306,12,1,seat,EL KOUIF,الكويف,
executive-decree-91-306,12,1,1,El Kouif,الكويف,
executive-decree-91-306,12,1,2,Bekkaria,بكارية,
executive-decree-91-306,12,1,3,Boulhef Dyn,بولحاف الدين,eye
executive-decree-91-306,12,2,seat,BIR EL ATER,بئر العاتر,eye
executive-decree-91-306,12,2,1,Bir El Ater,بئر العاتر,eye
executive-decree-91-306,12,2,2,El Ogla El Malha,العقلة المالحة,eye
executive-decree-91-306,12,3,seat,EL AOUINET,العوينات,
executive-decree-91-306,12,3,1,El Aouinet,العوينات,
executive-decree-91-306,12,3,2,Boukhadra,بوخضرة,
executive-decree-91-306,12,4,seat,CHERIA,الشريعة,
executive-decree-91-306,12,4,1,Chéria,الشريعة,eye
executive-decree-91-306,12,4,2,Thilidjène,ثليجان,eye
executive-decree-91-306,12,5,seat,EL OGLA,العقلة,
executive-decree-91-306,12,5,1,El Ogla,العقلة,
executive-decree-91-306,12,5,2,Bedjene,بجن,
executive-decree-91-306,12,5,3,El Mezraa,المزرعة,eye
executive-decree-91-306,12,5,4,Stah Guentis,سطح قنطيس,eye
executive-decree-91-306,12,6,seat,OUENZA,الونزة,
executive-decree-91-306,12,6,1,Ouenza,الونزة,
executive-decree-91-306,12,6,2,El Meridj,المريج,
executive-decree-91-306,12,6,3,Aïn Zerga,عين الزرقاء,eye
executive-decree-91-306,12,7,seat,NEGRINE,نقرين,
executive-decree-91-306,12,7,1,Negrine,نقرين,
executive-decree-91-306,12,7,2,Ferkane,فركان,
executive-decree-91-306,12,8,seat,EL MA LABIODH,الماء الأبيض,eye
executive-decree-91-306,12,8,1,El Ma Labiodh,الماء الأبيض,
executive-decree-91-306,12,8,2,El Houidjbet,الحويجبات,
executive-decree-91-306,12,9,seat,BIR MOKADEM,بئر المقدم,eye
executive-decree-91-306,12,9,1,Bir Mokadem,بئر المقدم,eye
executive-decree-91-306,12,9,2,Hammamet,الحمامات,
executive-decree-91-306,12,9,3,Ghorriguer,قوريقر,eye
executive-decree-91-306,12,10,seat,OUM ALI,أم علي,eye
executive-decree-91-306,12,10,1,Oum Ali,أم علي,eye
executive-decree-91-306,12,10,2,Safsaf El Ouesra,صفصاف الوسرة,
executive-decree-91-306,12,11,seat,MORSOTT,مرسط,eye
executive-decree-91-306,12,11,1,Morsott,مرسط,
executive-decree-91-306,12,11,2,Bir Deheb,بئر الذهب,eye
executive-decree-91-306,12,12,seat,TEBESSA,تبسة,
executive-decree-91-306,12,12,1,Tébessa,تبسة,
executive-decree-91-306,13,1,seat,MAGHNIA,مغنية,
executive-decree-91-306,13,1,1,Maghnia,مغنية,
executive-decree-91-306,13,1,2,Hammam Bougherara,حمام بوغرارة,eye
executive-decree-91-306,13,2,seat,GHAZAOUET,الغزوات,eye
executive-decree-91-306,13,2,1,Ghazaouet,الغزوات,
executive-decree-91-306,13,2,2,Dar Yaghmoracen,دار يغمراسن,eye
executive-decree-91-306,13,2,3,Souahlia,السواحلية,
executive-decree-91-306,13,2,4,Tianet,تيانت,eye
executive-decree-91-306,13,3,seat,SABRA,صبرة,
executive-decree-91-306,13,3,1,Sabra,صبرة,
executive-decree-91-306,13,3,2,Bouhlou,بوحلو,
executive-decree-91-306,13,4,seat,NEDROMA,ندرومة,
executive-decree-91-306,13,4,1,Nedroma,ندرومة,
executive-decree-91-306,13,4,2,Djebala,جبالة,
executive-decree-91-306,13,5,seat,REMCHI,الرمشي,
executive-decree-91-306,13,5,1,Remchi,الرمشي,
executive-decree-91-306,13,5,2,Aïn Youcef,عين يوسف,eye
executive-decree-91-306,13,5,3,Béni Ouarsous,بني وارسوس,eye
executive-decree-91-306,13,5,4,Sebaa Chioukh,السبعة شيوخ,
executive-decree-91-306,13,5,5,El Fehoul,الفحول,
executive-decree-91-306,13,6,seat,SEBDOU,سبدو,eye
executive-decree-91-306,13,6,1,Sebdou,سبدو,
executive-decree-91-306,13,6,2,El Gor,الغور,eye
executive-decree-91-306,13,6,3,El Aricha,العريشة,eye
executive-decree-91-306,13,7,seat,BAB EL ASSA,باب العسة,eye
executive-decree-91-306,13,7,1,Bab El Assa,باب العسة,eye
executive-decree-91-306,13,7,2,Souani,السوانى,eye
executive-decree-91-306,13,7,3,Souk Thlata,سوق الثلاثاء,eye
executive-decree-91-306,13,8,seat,MANSOURAH,المنصورة,
executive-decree-91-306,13,8,1,Mansourah,المنصورة,
executive-decree-91-306,13,8,2,Terny Beni Hediel,تيرنى بنى هديل,eye
executive-decree-91-306,13,8,3,Aïn Ghoraba,عين الغرابة,eye
executive-decree-91-306,13,8,4,Béni Mester,بني مستر,eye
executive-decree-91-306,13,9,seat,OULED MIMOUN,اولاد ميمون,eye
executive-decree-91-306,13,9,1,Ouled Mimoun,أولاد ميمون,
executive-decree-91-306,13,9,2,Béni Semiel,بني صميل,eye
executive-decree-91-306,13,9,3,Oued Chouli,وادى الشولي,eye
executive-decree-91-306,13,10,seat,SIDI DJILLALI,سيدي الجيلالي,
executive-decree-91-306,13,10,1,Sidi Djillali,سيدى الجيلالي,eye
executive-decree-91-306,13,10,2,El Bouihi,البويهي,
executive-decree-91-306,13,11,seat,CHETOUANE,شتوان,
executive-decree-91-306,13,11,1,Chetouane,شتوان,
executive-decree-91-306,13,11,2,Aïn Fezza,عين فزة,
executive-decree-91-306,13,11,3,Amieur,عمير,
executive-decree-91-306,13,12,seat,HONAINE,حنين,eye
executive-decree-91-306,13,12,1,Honaine,حنين,eye
executive-decree-91-306,13,12,2,Béni Khaled,بني خالد,eye
executive-decree-91-306,13,13,seat,BENI SNOUS,بني سنوس,
executive-decree-91-306,13,13,1,Béni Snous,بني سنوس,eye
executive-decree-91-306,13,13,2,Azail,العزيل,eye
executive-decree-91-306,13,13,3,Béni Bahdel,بني بهدل,eye
executive-decree-91-306,13,14,seat,BENI BOUSSAID,بنى بوسعيد,eye
executive-decree-91-306,13,14,1,Béni Boussaid,بني بوسعيد,eye
executive-decree-91-306,13,14,2,Sidi Medjahed,سيدى مجاهد,eye
executive-decree-91-306,13,15,seat,MARSA BEN MEHDI,مرسى بن مهيدي,eye
executive-decree-91-306,13,15,1,Marsa Ben M’Hidi,مرسى بن مهيدي,
executive-decree-91-306,13,15,2,M’Cirda Fouaga,مسيردة الفواقة,eye
executive-decree-91-306,13,16,seat,FELLAOUCENE,فلاوسن,
executive-decree-91-306,13,16,1,Fellaoucène,فلاوسن,eye
executive-decree-91-306,13,16,2,Aïn Kebira,العين الكبيرة,eye
executive-decree-91-306,13,16,3,Ain Fetah,عين الفتح,eye
executive-decree-91-306,13,17,seat,AIN TALLOUT,عين تالوت,eye
executive-decree-91-306,13,17,1,Aïn Tallout,عين تالوت,
executive-decree-91-306,13,17,2,Aïn Nahala,عين نحالة,eye
executive-decree-91-306,13,18,seat,BENSEKRANE,ابن سكران,eye
executive-decree-91-306,13,18,1,Bensekrane,ابن سكران,eye
executive-decree-91-306,13,18,2,Sidi Abdelli,سيدي عبد اللي,eye
executive-decree-91-306,13,19,seat,HENNAYA,الحناية,
executive-decree-91-306,13,19,1,Hennaya,الحناية,
executive-decree-91-306,13,19,2,Zenata,زناتة,
executive-decree-91-306,13,19,3,Ouled Ryah,أولاد رياح,eye
executive-decree-91-306,13,20,seat,TLEMCEN,تلمسان,
executive-decree-91-306,13,20,1,Tlemcen,تلمسان,
executive-decree-91-306,14,1,seat,DAHMOUNI,دحموني,
executive-decree-91-306,14,1,1,Dahmouni,دحموني,eye
executive-decree-91-306,14,1,2,Aïn Bouchkif,عين بوشقيف,eye
executive-decree-91-306,14,2,seat,SOUGUEUR,السوقر,
executive-decree-91-306,14,2,1,Sougueur,السوقر,
executive-decree-91-306,14,2,2,Tousnina,توسنينة,
executive-decree-91-306,14,2,3,Si Abdelghani,سيدي عبد الغني,eye
executive-decree-91-306,14,2,4,Faidja,الفايجة,
executive-decree-91-306,14,3,seat,KSAR CHELLALA,قصر الشلالة,eye
executive-decree-91-306,14,3,1,Ksar Chellala,قصر الشلالة,
executive-decree-91-306,14,3,2,Serguine,سرقين,eye
executive-decree-91-306,14,3,3,Zmalat Emir Abdelkader,زمالة الأمير عبد القادر,eye
executive-decree-91-306,14,4,seat,FRENDA,فرندة,
executive-decree-91-306,14,4,1,Frenda,فرندة,
executive-decree-91-306,14,4,2,Aïn El Hadid,عين الحديد,
executive-decree-91-306,14,4,3,Takhmaret,تاخمارت,eye
executive-decree-91-306,14,5,seat,MAHDIA,مهدية,
executive-decree-91-306,14,5,1,Mahdia,مهدية,
executive-decree-91-306,14,5,2,Sebaine,سبعين,eye
executive-decree-91-306,14,5,3,Aïn Dzarit,عين دزاريت,eye
executive-decree-91-306,14,5,4,Nadorah,الناظورة,eye
executive-decree-91-306,14,6,seat,RAHOUIA,رحوية,eye
executive-decree-91-306,14,6,1,Rahouia,رحوية,eye
executive-decree-91-306,14,6,2,Guertoufa,قرطوفة,
executive-decree-91-306,14,7,seat,AIN KERMES,عين كرمس,
executive-decree-91-306,14,7,1,Aïn Kermes,عين كرمس,
executive-decree-91-306,14,7,2,Medrissa,مدريسة,
executive-decree-91-306,14,7,3,Sidi Abderrahmane,سيدي عبد الرحمن,eye
executive-decree-91-306,14,7,4,Djebilet Rosfa,جبيلة الرصفاء,eye
executive-decree-91-306,14,7,5,Madna,مادنة,
executive-decree-91-306,14,8,seat,MECHRAA SFA,مشرع الصفاء,eye
executive-decree-91-306,14,8,1,Mechraa Sfa,مشرع الصفاء,eye
executive-decree-91-306,14,8,2,Djillali Ben Amar,جيلالي بن عمرو,eye
executive-decree-91-306,14,8,3,Tagdemt,تاقدمت,
executive-decree-91-306,14,9,seat,OUED LILI,وادي ليلي,eye
executive-decree-91-306,14,9,1,Oued Lili,وادي ليلي,eye
executive-decree-91-306,14,9,2,Sidi Ali Mellal,سيدي علي ملال,
executive-decree-91-306,14,9,3,Tidda,تيدة,
executive-decree-91-306,14,10,seat,HAMADIA,الحمادية,
executive-decree-91-306,14,10,1,Hamadia,الحمادية,
executive-decree-91-306,14,10,2,Bougara,بوقرة,
executive-decree-91-306,14,10,3,Racheiga,الرشايقة,eye
executive-decree-91-306,14,11,seat,MEDROUSSA,مدروسة,
executive-decree-91-306,14,11,1,Medroussa,مدروسة,
executive-decree-91-306,14,11,2,Sidi Bakhti,سيدي بختي,
executive-decree-91-306,14,11,3,Mellakou,ملاكو,
executive-decree-91-306,14,12,seat,MEGHILA,مغيلة,eye
executive-decree-91-306,14,12,1,Meghila,مغيلة,
executive-decree-91-306,14,12,2,Sebt,السبت,eye
executive-decree-91-306,14,12,3,Sidi Hosni,سيدي حسني,
executive-decree-91-306,14,13,seat,AIN DHEB,عين الذهب,eye
executive-decree-91-306,14,13,1,Ain Dheb,عين الذهب,eye
executive-decree-91-306,14,13,2,Chahaima,شحيمة,eye
executive-decree-91-306,14,13,3,Naïma,النعيمة,eye
executive-decree-91-306,14,14,seat,TIARET,تيارت,
executive-decree-91-306,14,14,1,Tiaret,تيارت,
executive-decree-91-306,15,1,seat,OUACIF,واسيف,
executive-decree-91-306,15,1,1,Ouacif,واسيف,
executive-decree-91-306,15,1,2,Aït Boumahdi,آيت بومهدي,eye
executive-decree-91-306,15,1,3,Aït Toudert,آيت تودرت,eye
executive-decree-91-306,15,2,seat,AIN EL HAMMAM,عين الحمام,
executive-decree-91-306,15,2,1,Aïn El Hammam,عين الحمام,
executive-decree-91-306,15,2,2,Aït Yahia,آيت يحي,eye
executive-decree-91-306,15,2,3,Akbil,أقبيل,eye
executive-decree-91-306,15,2,4,Abi Youcef,أبى يوسف,eye
executive-decree-91-306,15,3,seat,AZZAZGA,عزازقة,eye
executive-decree-91-306,15,3,1,Azzazga,عزازقة,eye
executive-decree-91-306,15,3,2,Fréha,فريحة,eye
executive-decree-91-306,15,3,3,Zekri,زكري,
executive-decree-91-306,15,3,4,Yakourène,يعكورن,eye
executive-decree-91-306,15,3,5,Ifigha,ايفيغاء,eye
executive-decree-91-306,15,4,seat,BOGHNI,بوغني,
executive-decree-91-306,15,4,1,Boghni,بوغني,
executive-decree-91-306,15,4,2,Mechtras,مشتراس,eye
executive-decree-91-306,15,4,3,Bounouh,بونوح,
executive-decree-91-306,15,4,4,Assi Youcef,سي يوسف,eye
executive-decree-91-306,15,5,seat,DRAA EL MIZAN,ذراع الميزان,eye
executive-decree-91-306,15,5,1,Draa El Mizan,ذراع الميزان,eye
executive-decree-91-306,15,5,2,Frikat,فريقات,
executive-decree-91-306,15,5,3,Aïn Zaouia,عين الزاوية,
executive-decree-91-306,15,5,4,Aït Yahia Moussa,آيت يحي موسى,eye
executive-decree-91-306,15,6,seat,OUAGUENOUN,واقنون,
executive-decree-91-306,15,6,1,Ouaguenoun,واقنون,
executive-decree-91-306,15,6,2,Timizart,تيميزارت,
executive-decree-91-306,15,6,3,Djebel Aïssa Mimoun,جبل عيسى ميمون,eye
executive-decree-91-306,15,7,seat,LARBAA NATH IRATEN,الأربعاء نايث ايراثن,eye
executive-decree-91-306,15,7,1,Larbaa Nath Iraten,الأربعاء نايث ايراثن,eye
executive-decree-91-306,15,7,2,Aït Agouacha,آيت قواشة,eye
executive-decree-91-306,15,7,3,Irdjen,ارجن,eye
executive-decree-91-306,15,7,4,Aït Oumalou,آيت أومالو,eye
executive-decree-91-306,15,8,seat,AZZEFOUN,أزفون,eye
executive-decree-91-306,15,8,1,Azzefoun,أزفون,eye
executive-decree-91-306,15,8,2,Akerrou,أقرو,
executive-decree-91-306,15,8,3,Aït Chaffa,آيت شفة,eye
executive-decree-91-306,15,8,4,Aghrib,أغريب,eye
executive-decree-91-306,15,9,seat,DRAA BEN KHEDDA,ذراع بن خدة,eye
executive-decree-91-306,15,9,1,Draa Ben Khedda,ذراع بن خدة,eye
executive-decree-91-306,15,9,2,Tadmaït,تادمايت,
executive-decree-91-306,15,9,3,Sidi Naamane,سيدي النعمان,eye
executive-decree-91-306,15,9,4,Tirmitine,تيرمتين,eye
executive-decree-91-306,15,10,seat,TIGZIRT,تيقزرت,eye
executive-decree-91-306,15,10,1,Tigzirt,تيقزرت,eye
executive-decree-91-306,15,10,2,Iflissen,افليسن,eye
executive-decree-91-306,15,10,3,Mizrana,مزرانة,eye
executive-decree-91-306,15,11,seat,BOUZEGUENE,بوزقن,
executive-decree-91-306,15,11,1,Bouzeguène,بوزقن,
executive-decree-91-306,15,11,2,Idjeur,إجر,eye
executive-decree-91-306,15,11,3,Illoula Oumalou,ايلولة أومالو,eye
executive-decree-91-306,15,11,4,Béni Zeki,بني زكي,eye
executive-decree-91-306,15,12,seat,BENI DOUALA,بني دوالة,
executive-decree-91-306,15,12,1,Béni Douala,بني دوالة,eye
executive-decree-91-306,15,12,2,Aït Mahmoud,آيت محمود,eye
executive-decree-91-306,15,12,3,Béni Aïssi,بني عيسي,eye
executive-decree-91-306,15,12,4,Béni Zmenzer,بني زمنزر,eye
executive-decree-91-306,15,13,seat,OUADHIA,واضية,
executive-decree-91-306,15,13,1,Ouadhia,واضية,
executive-decree-91-306,15,13,2,Aghni Goughrane,أقنى قغران,eye
executive-decree-91-306,15,13,3,Tizi N’talata,تيزي نثلاثة,eye
executive-decree-91-306,15,13,4,Aït Bouadou,آيت بوعدو,eye
executive-decree-91-306,15,14,seat,MAATKA,المعاتقة,eye
executive-decree-91-306,15,14,1,Maatka,المعاتقة,eye
executive-decree-91-306,15,14,2,Souk El Tenine,سوق الاثنين,eye
executive-decree-91-306,15,15,seat,MEKLA,مقلع,
executive-decree-91-306,15,15,1,Mekla,مقلع,
executive-decree-91-306,15,15,2,Aït Khelili,آيت خليلي,eye
executive-decree-91-306,15,15,3,Souamaa,الصوامع,
executive-decree-91-306,15,16,seat,BENNI YENNI,بني يني,eye
executive-decree-91-306,15,16,1,Béni Yenni,بني يني,eye
executive-decree-91-306,15,16,2,Yatafène,ياطفان,eye
executive-decree-91-306,15,16,3,Iboudrarène,إبودرار,eye
executive-decree-91-306,15,17,seat,IFERHOUNENE,ايفرحونن,eye
executive-decree-91-306,15,17,1,Iferhounène,ايفرحونن,eye
executive-decree-91-306,15,17,2,Imsouhal,أمسوحال,eye
executive-decree-91-306,15,17,3,Illilten,[…]بتين,eye
executive-decree-91-306,15,18,seat,TIZI RACHED,تيزى راشد,eye
executive-decree-91-306,15,18,1,Tizi Rached,تيزى راشد,eye
executive-decree-91-306,15,19,seat,TIZI GHENIF,تيزى غنيف,eye
executive-decree-91-306,15,19,1,Tizi Ghenif,تيزى غنيف,eye
executive-decree-91-306,15,19,2,M’Kira,مكيرة,
executive-decree-91-306,15,20,seat,MAKOUDA,ماكودة,
executive-decree-91-306,15,20,1,Makouda,ماكودة,
executive-decree-91-306,15,20,2,Boudjima,بوجيمة,
executive-decree-91-306,15,21,seat,TIZI OUZOU,تيزي وزو,
executive-decree-91-306,15,21,1,Tizi Ouzou,تيزى وزو,eye
executive-decree-91-306,16,1,seat,BAB EL OUED,باب الوادي,
executive-decree-91-306,16,1,1,Bab El Oued,باب الوادي,
executive-decree-91-306,16,1,2,Oued Koriche,وادي قريش,eye
executive-decree-91-306,16,1,3,Casbah,القصبة,
executive-decree-91-306,16,2,seat,EL HARRACH,الحراش,eye
executive-decree-91-306,16,2,1,El Harrach,الحراش,eye
executive-decree-91-306,16,2,2,Oued Smar,وادي السمار,
executive-decree-91-306,16,2,3,Mohammedia,المحمدية,eye
executive-decree-91-306,16,3,seat,BIR MOURAD RAIS,بئر مراد رايس,
executive-decree-91-306,16,3,1,Bir Mourad Raïs,بئر مراد رايس,
executive-decree-91-306,16,3,2,Hydra,حيدرة,
executive-decree-91-306,16,3,3,Birkhadem,بئر خادم,
executive-decree-91-306,16,4,seat,DAR EL BEIDA,الدار البيضاء,
executive-decree-91-306,16,4,1,Dar El Beida,الدار البيضاء,eye
executive-decree-91-306,16,4,2,Bab Ezzouar,باب الزوار,eye
executive-decree-91-306,16,4,3,Bordj El Kiffan,برج الكيفان,
executive-decree-91-306,16,5,seat,SIDI M’HAMED,سيدي أمحمد,eye
executive-decree-91-306,16,5,1,Sidi M’Hamed,سيدى أمحمد,eye
executive-decree-91-306,16,5,2,Alger Centre,الجزائر الوسطى,eye
executive-decree-91-306,16,6,seat,HUSSEIN DEY,حسين داي,
executive-decree-91-306,16,6,1,Hussein Dey,حسين داي,
executive-decree-91-306,16,6,2,Maquaria,المقارية,eye
executive-decree-91-306,16,6,3,Kouba,القبة,eye
executive-decree-91-306,16,7,seat,BOUROUBA,بوروبة,
executive-decree-91-306,16,7,1,Bourouba,بوروبة,
executive-decree-91-306,16,7,2,Badjarah,باش جراح,eye
executive-decree-91-306,16,8,seat,BARAKI,براقى,eye
executive-decree-91-306,16,8,1,Baraki,براقي,
executive-decree-91-306,16,8,2,Gué de Constantine,جسر قسنطينة,eye
executive-decree-91-306,16,8,3,Eucalyptus,الكاليتوس,eye
executive-decree-91-306,16,9,seat,BOUZAREAH,بوزريعة,
executive-decree-91-306,16,9,1,Bouzaréah,بوزريعة,eye
executive-decree-91-306,16,9,2,Beni Messous,بني مسوس,
executive-decree-91-306,16,10,seat,BOLOGHINE,بولوغين,
executive-decree-91-306,16,10,1,Bologhine,بولوغين,
executive-decree-91-306,16,10,2,Raïs Hamidou,الرايس حميدو,eye
executive-decree-91-306,16,10,3,Hammamet,الحمامات,
executive-decree-91-306,16,11,seat,BEN AKNOUN,ابن عكنون,eye
executive-decree-91-306,16,11,1,Ben Aknoun,ابن عكنون,eye
executive-decree-91-306,16,11,2,Dely Ibrahim,دالي ابراهيم,eye
executive-decree-91-306,16,11,3,El Biar,الابيار,eye
executive-decree-91-306,16,12,seat,HAMMA ANNASSERS,حامة العناصر,eye
executive-decree-91-306,16,12,1,Hamma Annassers,حامة العناصر,eye
executive-decree-91-306,16,12,2,El Madania,المدنية,eye
executive-decree-91-306,16,12,3,El Mouradia,المرادية,
executive-decree-91-306,17,1,seat,HASSI BAHBAH,حاسي بحبح,
executive-decree-91-306,17,1,1,Hassi Bahbah,حاسي بحبح,
executive-decree-91-306,17,1,2,Aïn Maabed,عين معبد,
executive-decree-91-306,17,1,3,Hassi El Euch,حاسي العش,
executive-decree-91-306,17,1,4,Zaafrane,زعفران,eye
executive-decree-91-306,17,2,seat,EL IDRISSIA,الادريسية,eye
executive-decree-91-306,17,2,1,El Idrissia,الادريسية,eye
executive-decree-91-306,17,2,2,Douis,دويس,eye
executive-decree-91-306,17,2,3,Aïn Chouhada,عين الشهداء,eye
executive-decree-91-306,17,3,seat,AIN OUSSERA,عين وسارة,eye
executive-decree-91-306,17,3,1,Aïn Oussera,عين وسارة,eye
executive-decree-91-306,17,3,2,Guernini,قرنيني,eye
executive-decree-91-306,17,4,seat,BIRINE,بيرين,eye
executive-decree-91-306,17,4,1,Birine,بيرين,eye
executive-decree-91-306,17,4,2,Benhar,بن هار,eye
executive-decree-91-306,17,5,seat,AIN EL IBEL,عين الابل,
executive-decree-91-306,17,5,1,Aïn El Ibel,عين الابل,
executive-decree-91-306,17,5,2,Mouadjebar,مجبر,eye
executive-decree-91-306,17,5,3,Tadmit,تاعظميت,eye
executive-decree-91-306,17,5,4,Zaccar,زكار,eye
executive-decree-91-306,17,6,seat,MESSAAD,مسعد,eye
executive-decree-91-306,17,6,1,Messaad,مسعد,eye
executive-decree-91-306,17,6,2,Guettara,القطارة,eye
executive-decree-91-306,17,6,3,Selmana,سلمانه,eye
executive-decree-91-306,17,6,4,Deldoul,دلدول,
executive-decree-91-306,17,6,5,Sed Rahal,سد الرحال,eye
executive-decree-91-306,17,7,seat,DAR CHIOUKH,دار الشيوخ,
executive-decree-91-306,17,7,1,Dar Chioukh,دار الشيوخ,
executive-decree-91-306,17,7,2,Sidi Baizid,سيدي بايزيد,
executive-decree-91-306,17,7,3,M’Liliha,المليليحة,eye
executive-decree-91-306,17,8,seat,CHAREF,الشارف,
executive-decree-91-306,17,8,1,Charef,الشارف,
executive-decree-91-306,17,8,2,El Guedid,القديد,
executive-decree-91-306,17,8,3,Beni Yacoub,بني يعقوب,eye
executive-decree-91-306,17,9,seat,FAIDH EL BOTMA,فيض البطمة,
executive-decree-91-306,17,9,1,Faidh El Botma,فيض البطمة,
executive-decree-91-306,17,9,2,Oum El Adham,أم العظم,eye
executive-decree-91-306,17,9,3,Amourah,عمورة,
executive-decree-91-306,17,10,seat,SIDI LADJEL,سيدي العجال,eye
executive-decree-91-306,17,10,1,Sidi Ladjel,سيدي العجال,eye
executive-decree-91-306,17,10,2,Hassi Fedoul,حاسي فدول,
executive-decree-91-306,17,10,3,El Khemis,الخميس,
executive-decree-91-306,17,11,seat,HAD SAHARY,حد الصحاري,eye
executive-decree-91-306,17,11,1,Had Sahary,حد الصحاري,eye
executive-decree-91-306,17,11,2,Aïn Feka,عين فكة,eye
executive-decree-91-306,17,11,3,Bouira Lahdeb,بويرة الأحدب,eye
executive-decree-91-306,17,12,seat,DJELFA,الجلفة,
executive-decree-91-306,17,12,1,Djelfa,الجلفة,
executive-decree-91-306,18,1,seat,EL MILIA,الميلية,
executive-decree-91-306,18,1,1,El Milia,الميلية,
executive-decree-91-306,18,1,2,Ouled Yahia khadrouche,أولاد يحي خدروش,eye
executive-decree-91-306,18,2,seat,EL ANCER,العنصر,eye
executive-decree-91-306,18,2,1,El Ancer,العنصر,
executive-decree-91-306,18,2,2,Khier Oued Adjoul,خير وادي عجول,eye
executive-decree-91-306,18,2,3,Djemaa Beni Habibi,الجمعة بنى حبيبي,eye
executive-decree-91-306,18,2,4,Bouraoui Belhadef,بوراوى بلهادف,eye
executive-decree-91-306,18,3,seat,TAHER,الطاهير,
executive-decree-91-306,18,3,1,Taher,الطاهير,
executive-decree-91-306,18,3,2,Chahna,الشحنة,eye
executive-decree-91-306,18,3,3,Oudjana,وجانة,eye
executive-decree-91-306,18,3,4,Emir Abdelkader,الأمير عبد القادر,
executive-decree-91-306,18,3,5,Boucif Ouled Askeur,بوسيف أولاد عسكر,eye
executive-decree-91-306,18,4,seat,TEXENNA,تاكسانة,eye
executive-decree-91-306,18,4,1,Texenna,تاكسانة,eye
executive-decree-91-306,18,4,2,Kaous,قاوس,
executive-decree-91-306,18,5,seat,EL AOUANA,العوانة,
executive-decree-91-306,18,5,1,El Aouana,العوانة,eye
executive-decree-91-306,18,5,2,Selma Ben Ziada,سلمى بن زيادة,eye
executive-decree-91-306,18,6,seat,ZIAMAH MANSOURIAH,زيامة منصورية,eye
executive-decree-91-306,18,6,1,Ziamah Mansouriah,زيامة منصورية,eye
executive-decree-91-306,18,6,2,Erraguène,اراقن,eye
executive-decree-91-306,18,7,seat,SIDI MAROUF,سيدى معروف,eye
executive-decree-91-306,18,7,1,Sidi Marouf,سيدي معروف,eye
executive-decree-91-306,18,7,2,Ouled Rabah,أولاد رابح,
executive-decree-91-306,18,8,seat,CHEKFA,شقفة,eye
executive-decree-91-306,18,8,1,Chekfa,شقفة,eye
executive-decree-91-306,18,8,2,El Kennar Nouchfi,القنار نوشفي,eye
executive-decree-91-306,18,8,3,Sidi Abdelaziz,سيدى عبد العزيز,eye
executive-decree-91-306,18,8,4,Bordj T’Har,برج الطهر,eye
executive-decree-91-306,18,9,seat,SETTARA,السطارة,
executive-decree-91-306,18,9,1,Settara,السطارة,eye
executive-decree-91-306,18,9,2,Ghebala,غبالة,
executive-decree-91-306,18,10,seat,JIMLA,جيملة,eye
executive-decree-91-306,18,10,1,Jimla,جيملة,eye
executive-decree-91-306,18,10,2,Boudria Beniyadjis,بودريعة,eye
executive-decree-91-306,18,10,3,,بني ياجيس,eye
executive-decree-91-306,18,11,seat,JIJEL,جيجل,eye
executive-decree-91-306,18,11,1,Jijel,جيجل,
executive-decree-91-306,19,1,seat,AIN ARNAT,عين أرنات,
executive-decree-91-306,19,1,1,Aïn Arnat,عين أرنات,eye
executive-decree-91-306,19,1,2,Aïn Abessa,عين عباسة,
executive-decree-91-306,19,1,3,El Ouricia,الوريسية,eye
executive-decree-91-306,19,1,4,Mezloug,مزلوق,
executive-decree-91-306,19,2,seat,BENI AZIZ,بني عزيز,eye
executive-decree-91-306,19,2,1,Beni Aziz,بنى عزيز,eye
executive-decree-91-306,19,2,2,Aïn Sebt,عين السبت,
executive-decree-91-306,19,2,3,Maaouia,معاوية,
executive-decree-91-306,19,3,seat,BENI OURTILANE,بني ورتيلان,
executive-decree-91-306,19,3,1,Beni Ourtilane,بنى ورتيلان,eye
executive-decree-91-306,19,3,2,Aïn Legradj,عين لقراج,eye
executive-decree-91-306,19,3,3,Beni Chebana,بنى شبانة,eye
executive-decree-91-306,19,3,4,Beni Mouhli,بنى موحلي,eye
executive-decree-91-306,19,4,seat,BOUANDAS,بوعنداس,
executive-decree-91-306,19,4,1,Bouandas,بوعنداس,
executive-decree-91-306,19,4,2,Bousselam,بوسلام,
executive-decree-91-306,19,4,3,Aït Tizi,أيت تيزى,eye
executive-decree-91-306,19,4,4,Aït Naoual M’Zada,آيت نوال مزادة,eye
executive-decree-91-306,19,5,seat,AIN OULMENE,عين ولمان,
executive-decree-91-306,19,5,1,Aïn Oulmène,عين ولمان,eye
executive-decree-91-306,19,5,2,Ouled Si Ahmed,أولاد سى أحمد,eye
executive-decree-91-306,19,5,3,Kasr El Abtal,قصر الأبطال,eye
executive-decree-91-306,19,5,4,Guellal,قلال,
executive-decree-91-306,19,6,seat,AIN AZEL,عين أزال,eye
executive-decree-91-306,19,6,1,Aïn Azel,عين أزال,eye
executive-decree-91-306,19,6,2,Beida Bordj,بيضاء البرج,eye
executive-decree-91-306,19,6,3,Aïn Lahdjar,عين الحجر,
executive-decree-91-306,19,6,4,Bir Heddada,بئر حدادة,eye
executive-decree-91-306,19,7,seat,EL EULMA,العلمة,
executive-decree-91-306,19,7,1,El Eulma,العلمة,
executive-decree-91-306,19,7,2,Bazer Sakra,بازر الصخرة,eye
executive-decree-91-306,19,7,3,Guelta Zerga,القلتة الزرقاء,eye
executive-decree-91-306,19,8,seat,BOUGAA,بوقاعة,
executive-decree-91-306,19,8,1,Bougaa,بوقاعة,
executive-decree-91-306,19,8,2,Beni Oussine,بنى وسين,eye
executive-decree-91-306,19,8,3,Aïn Roua,عين الروى,
executive-decree-91-306,19,9,seat,AIN EL KEBIRA,العين الكبيرة,eye
executive-decree-91-306,19,9,1,Aïn El Kebira,العين الكبيرة,eye
executive-decree-91-306,19,9,2,Dehamcha,الدهامشة,eye
executive-decree-91-306,19,9,3,Ouled Addouane,أولاد عدوان,
executive-decree-91-306,19,10,seat,SALAH BEY,صالح باي,
executive-decree-91-306,19,10,1,Salah Bey,صالح باى,eye
executive-decree-91-306,19,10,2,Hamma,الحامة,
executive-decree-91-306,19,10,3,Ouled Tebben,أولاد تبان,
executive-decree-91-306,19,10,4,Rasfa,الرصفة,
executive-decree-91-306,19,10,5,Boutaleb,بوطالب,
executive-decree-91-306,19,11,seat,HAMMAM GUERGOUR,حمام القرقور,eye
executive-decree-91-306,19,11,1,Hammam Guergour,حمام القرقور,eye
executive-decree-91-306,19,11,2,Draa Kebila,ذراع القبيلة,eye
executive-decree-91-306,19,12,seat,AMOUCHA,عموشة,
executive-decree-91-306,19,12,1,Amoucha,عموشة,
executive-decree-91-306,19,12,2,Tizi N’Bchar,تيزى نبشار,eye
executive-decree-91-306,19,12,3,Oued Bared,الوادى البارد,eye
executive-decree-91-306,19,13,seat,GUIDJEL,قجال,
executive-decree-91-306,19,13,1,Guijel,قجال,eye
executive-decree-91-306,19,13,2,Ouled Sabor,أولاد صابر,
executive-decree-91-306,19,14,seat,BABOR,بابور,
executive-decree-91-306,19,14,1,Babor,بابور,
executive-decree-91-306,19,14,2,Serdj El Ghoul,سرج الغول,
executive-decree-91-306,19,15,seat,HAMMAM SOKHNA,حمام السخونة,eye
executive-decree-91-306,19,15,1,Hammam Sokhna,حمام السخونة,eye
executive-decree-91-306,19,15,2,Taya,الطاية,
executive-decree-91-306,19,15,3,Telaa,تلعة,eye
executive-decree-91-306,19,16,seat,DJEMILA,جميلة,
executive-decree-91-306,19,16,1,Djemila,جميلة,
executive-decree-91-306,19,16,2,Beni Foudda,بنى فودة,eye
executive-decree-91-306,19,17,seat,MAOKLANE,ماوكلان,
executive-decree-91-306,19,17,1,Maoklane,ماوكلان,
executive-decree-91-306,19,17,2,Tala Ifacène,تالة ايفاسن,eye
executive-decree-91-306,19,18,seat,GUENZET,قنزات,
executive-decree-91-306,19,18,1,Gunzet,قنزات,eye
executive-decree-91-306,19,18,2,Harbil,حربيل,
executive-decree-91-306,19,19,seat,BIR EL ARCH,بئر العرش,
executive-decree-91-306,19,19,1,Bir El Arch,بئر العرش,eye
executive-decree-91-306,19,19,2,Belaa,بلعة,eye
executive-decree-91-306,19,19,3,El Ouldja,الولجة,eye
executive-decree-91-306,19,19,4,Tachouda,تاشودة,
executive-decree-91-306,19,20,seat,SETIF,سطيف,
executive-decree-91-306,19,20,1,Sétif,سطيف,
executive-decree-91-306,20,1,seat,AIN EL HADJAR,عين الحجر,
executive-decree-91-306,20,1,1,Aïn El Hadjar,عين الحجر,
executive-decree-91-306,20,1,2,Moulay Larbi,مولاى العربي,eye
executive-decree-91-306,20,1,3,Sidi Ahmed,سيدى أحمد,eye
executive-decree-91-306,20,2,seat,AL HASSASNA,الحساسنة,eye
executive-decree-91-306,20,2,1,Al Hassasna,الحساسنة,eye
executive-decree-91-306,20,2,2,Maamora,المعمورة,eye
executive-decree-91-306,20,2,3,Aïn Skhouna,العين السخونة,eye
executive-decree-91-306,20,3,seat,SIDI BOUBEKEUR,سيدي بوبكر,
executive-decree-91-306,20,3,1,Sidi Boubekeur,سيدى بوبكر,eye
executive-decree-91-306,20,3,2,Ouled Khaled,أولاد خالد,
executive-decree-91-306,20,3,3,Sidi Ammar,سيدى عمار,eye
executive-decree-91-306,20,3,4,Hounet,حنات,eye
executive-decree-91-306,20,4,seat,YOUB,يوب,
executive-decree-91-306,20,4,1,Youb,يوب,
executive-decree-91-306,20,4,2,Doui Tabet,دوي ثابت,eye
executive-decree-91-306,20,5,seat,OULED BRAHIM,أولاد ابراهيم,eye
executive-decree-91-306,20,5,1,Ouled Brahim,أولاد ابراهيم,eye
executive-decree-91-306,20,5,2,Tircine,تيرسين,
executive-decree-91-306,20,5,3,Aïn Soltane,عين السلطان,eye
executive-decree-91-306,20,6,seat,SAIDA,سعيدة,
executive-decree-91-306,20,6,1,Saïda,سعيدة,
executive-decree-91-306,21,1,seat,AZZABA,عزابة,
executive-decree-91-306,21,1,1,Azzaba,عزابة,
executive-decree-91-306,21,1,2,Djendel Saadi Mohamed,جندل سعدي محمد,eye
executive-decree-91-306,21,1,3,Essebt,السبت,eye
executive-decree-91-306,21,1,4,El Ghedir,الغدير,eye
executive-decree-91-306,21,1,5,Aïn Cherchar,عين شرشار,eye
executive-decree-91-306,21,2,seat,RAMDANE DJAMEL,رمضان جمال,
executive-decree-91-306,21,2,1,Ramdane Djamel,رمضان جمال,
executive-decree-91-306,21,2,2,Beni Bachir,بني بشير,eye
executive-decree-91-306,21,3,seat,EL HARROUCH,الحروش,
executive-decree-91-306,21,3,1,El Harrouch,الحروش,
executive-decree-91-306,21,3,2,Zardezas,زردازة,eye
executive-decree-91-306,21,3,3,Salah Bouchaour,صالح بو الشعور,eye
executive-decree-91-306,21,3,4,Ouled Hebaba,أولاد حبابة,eye
executive-decree-91-306,21,3,5,Emdjez Edchich,مجاز الدشيش,eye
executive-decree-91-306,21,4,seat,TAMALOUS,تمالوس,
executive-decree-91-306,21,4,1,Tamalous,تمالوس,
executive-decree-91-306,21,4,2,Bein El Ouiden,بين الويدان,eye
executive-decree-91-306,21,4,3,Kerkera,الكركرة,
executive-decree-91-306,21,5,seat,COLLO,القل,
executive-decree-91-306,21,5,1,Collo,القل,
executive-decree-91-306,21,5,2,Beni Zid,بني زيد,
executive-decree-91-306,21,5,3,Cheraia,الشرائع,eye
executive-decree-91-306,21,6,seat,BENAZOUZ,ابن عزوز,eye
executive-decree-91-306,21,6,1,Benazouz,ابن عزوز,eye
executive-decree-91-306,21,6,2,El Marsa,المرسى,
executive-decree-91-306,21,6,3,Bekkouche Lakhdar,بكوش الأخضر,eye
executive-decree-91-306,21,7,seat,EL HADAIEK,الحدائق,
executive-decree-91-306,21,7,1,El Hadaiek,الحدائق,
executive-decree-91-306,21,7,2,Aïn Zouit,عين زويت,
executive-decree-91-306,21,7,3,Bouchtata,بوشطاطة,
executive-decree-91-306,21,8,seat,ZITOUNA,الزيتونة,
executive-decree-91-306,21,8,1,Zitouna,الزيتونة,
executive-decree-91-306,21,8,2,Kenoua,قنواع,eye
executive-decree-91-306,21,9,seat,SIDI MEZGHICHE,سيدى مزغيش,eye
executive-decree-91-306,21,9,1,Sidi Mezghiche,سيدى مزغيش,eye
executive-decree-91-306,21,9,2,Aïn Bouziane,عين بوزيان,
executive-decree-91-306,21,9,3,Beni Oulbane,بني ولبان,
executive-decree-91-306,21,10,seat,OUM TOUB,أم الطوب,
executive-decree-91-306,21,10,1,Oum Toub,أم الطوب,eye
executive-decree-91-306,21,11,seat,OULED ATTIA,أولاد عطية,
executive-decree-91-306,21,11,1,Ouled Atia,أولاد عطية,
executive-decree-91-306,21,11,2,Oued Z’Hour,وادى الزهور,eye
executive-decree-91-306,21,11,3,Khenag Mayoun,خنق مايون,eye
executive-decree-91-306,21,12,seat,AIN KECHERA,عين قشرة,eye
executive-decree-91-306,21,12,1,Aïn Kechera,عين قشرة,eye
executive-decree-91-306,21,12,2,Ouldja Boulballout,الولجة بوالبلوط,
executive-decree-91-306,21,13,seat,SKIKDA,سكيكدة,
executive-decree-91-306,21,13,1,Skikda,سكيكدة,
executive-decree-91-306,21,13,2,Filfila,فلفلة,
executive-decree-91-306,21,13,3,Hammadi Krouma,حمادي كرومة,eye
executive-decree-91-306,22,1,seat,SIDI LAHCENE,سيدي لحسن,eye
executive-decree-91-306,22,1,1,Sidi Lahcène,سيدي لحسن,eye
executive-decree-91-306,22,1,2,Sidi Khaled,سيدي خالد,eye
executive-decree-91-306,22,1,3,Amarnas,أمرناس,eye
executive-decree-91-306,22,1,4,Sidi Yacoub,سيدي يعقوب,
executive-decree-91-306,22,2,seat,BEN BADIS,ابن باديس,
executive-decree-91-306,22,2,1,Ben Badis,ابن باديس,
executive-decree-91-306,22,2,2,Hassi Zehana,حاسي زهانة,eye
executive-decree-91-306,22,2,3,Bedradine El Mokrani,بدر الدين المقراني,eye
executive-decree-91-306,22,2,4,Chetouane Belaila,شتوان بليلة,eye
executive-decree-91-306,22,3,seat,SFISEF,الزفيزف,eye
executive-decree-91-306,22,3,1,Sfisef,الزفيزف,eye
executive-decree-91-306,22,3,2,Boudjebaa El Bordj,بوجبع البرج,
executive-decree-91-306,22,3,3,Aïn Adden,عين عدان,eye
executive-decree-91-306,22,3,4,M’Cid,مسيد,eye
executive-decree-91-306,22,4,seat,TELAGH,تلاغ,
executive-decree-91-306,22,4,1,Telagh,تلاغ,eye
executive-decree-91-306,22,4,2,Teghalimet,تغالميت,eye
executive-decree-91-306,22,4,3,Dhaya,الضاية,
executive-decree-91-306,22,4,4,Mezaourou,مزاورو,
executive-decree-91-306,22,5,seat,RAS EL MA,رأس الماء,eye
executive-decree-91-306,22,5,1,Ras El Ma,رأس الماء,eye
executive-decree-91-306,22,5,2,Oued Sebaa,وادي السبع,eye
executive-decree-91-306,22,5,3,Redjem Demouche,رجم دموش,
executive-decree-91-306,22,6,seat,TENIRA,تنيرة,
executive-decree-91-306,22,6,1,Tenira,تنيرة,
executive-decree-91-306,22,6,2,Oued Sefioune,وادي سفيون,eye
executive-decree-91-306,22,6,3,Hassi Daho,حاسي دحو,eye
executive-decree-91-306,22,6,4,Benachiba Chelia,بن عشيبة شلية,
executive-decree-91-306,22,7,seat,AIN EL BERD,عين البرد,
executive-decree-91-306,22,7,1,Aïn El Berd,عين البرد,eye
executive-decree-91-306,22,7,2,Makedra,مقدرة,
executive-decree-91-306,22,7,3,Sidi Hamadouche,سيدي حمادوش,eye
executive-decree-91-306,22,7,4,Sidi Brahim,سيدي إبراهيم,eye
executive-decree-91-306,22,8,seat,MOULAY SLISSEN,مولاي سليسن,
executive-decree-91-306,22,8,1,Moulay Slissen,مولاي سليسن,
executive-decree-91-306,22,8,2,Haçaiba,الحصيبة,eye
executive-decree-91-306,22,8,3,Aïn Tidamine,عين تيدمين,eye
executive-decree-91-306,22,9,seat,MARHOUM,مرحوم,
executive-decree-91-306,22,9,1,Marhoum,مرحوم,
executive-decree-91-306,22,9,2,Sidi Chaïb,سيدي شعيب,eye
executive-decree-91-306,22,9,3,Bir El H’Mam,بئر الحمام,eye
executive-decree-91-306,22,10,seat,SIDI ALI BOUSSIDI,سيدي علي بوسيدي,
executive-decree-91-306,22,10,1,Sidi Ali Boussidi,سيدي علي بوسيدي,
executive-decree-91-306,22,10,2,Lemtar,لمطار,eye
executive-decree-91-306,22,10,3,Aïn Kada,عين قادة,
executive-decree-91-306,22,10,4,Sidi Dahou Dezairs,سيدي دحو الزاير,eye
executive-decree-91-306,22,11,seat,MOSTEFA BEN BRAHIM,مصطفى بن إبراهيم,
executive-decree-91-306,22,11,1,Mostepha Ben Brahim,مصطفى بن إبراهيم,eye
executive-decree-91-306,22,11,2,Belarbi,بلعربي,
executive-decree-91-306,22,11,3,Tilmouni,تلموني,
executive-decree-91-306,22,11,4,Zerrouala,زروالة,eye
executive-decree-91-306,22,12,seat,MERINE,مرين,
executive-decree-91-306,22,12,1,Merine,مرين,
executive-decree-91-306,22,12,2,Oued Taourira,وادي توريرة,eye
executive-decree-91-306,22,12,3,Taoudmout,تاودموت,
executive-decree-91-306,22,12,4,Tafessour,تافيسور,eye
executive-decree-91-306,22,13,seat,TESSALA,تسالة,
executive-decree-91-306,22,13,1,Tessala,تسالة,
executive-decree-91-306,22,13,2,Aïn Thrid,عين الثريد,
executive-decree-91-306,22,13,3,Sehala Thaoura,سحالة ثاورة,eye
executive-decree-91-306,22,14,seat,SIDI ALI BEN YOUB,سيدي علي بن يوب,eye
executive-decree-91-306,22,14,1,Sidi Ali Ben Youb,سيدي علي بن يوب,eye
executive-decree-91-306,22,14,2,Boukhenefis,بوخنيفيس,eye
executive-decree-91-306,22,14,3,Tabia,طابية,
executive-decree-91-306,22,15,seat,SIDI BEL ABBES,سيدي بلعباس,
executive-decree-91-306,22,15,1,Sidi Bel Abbes,سيدي بلعباس,eye
executive-decree-91-306,23,1,seat,EL HADJAR,الحجار,
executive-decree-91-306,23,1,1,El Hadjar,الحجار,
executive-decree-91-306,23,1,2,Sidi Amar,سيدي عامر,
executive-decree-91-306,23,2,seat,BERRAHAL,برحال,eye
executive-decree-91-306,23,2,1,Berrahal,برحال,
executive-decree-91-306,23,2,2,Oued El Aneb,وادي العنب,eye
executive-decree-91-306,23,2,3,Treat,التريعات,eye
executive-decree-91-306,23,3,seat,EL BOUNI,البوني,
executive-decree-91-306,23,3,1,El Bouni,البوني,
executive-decree-91-306,23,4,seat,CHETAIBI,شطايبي,
executive-decree-91-306,23,4,1,Chetaïbi,شطايبي,
executive-decree-91-306,23,5,seat,AIN EL BERDA,العين الباردة,eye
executive-decree-91-306,23,5,1,Aïn El Berda,العين الباردة,eye
executive-decree-91-306,23,5,2,El Eulma,العلمة,
executive-decree-91-306,23,5,3,Chorfa,الشرفاء,eye
executive-decree-91-306,23,6,seat,ANNABA,عنابة,
executive-decree-91-306,23,6,1,Annaba,عنابة,
executive-decree-91-306,23,6,2,Seraïdi,سرايدي,
executive-decree-91-306,24,1,seat,GUELAAT BOUSBAA,قلعة بوسبع,eye
executive-decree-91-306,24,1,1,Guelaat Bousbaa,قلعة بوسبع,eye
executive-decree-91-306,24,1,2,Nechmaya,نشماية,eye
executive-decree-91-306,24,1,3,Djebala Khemissi,جبالة الخميسي,eye
executive-decree-91-306,24,1,4,Boumahra Ahmed,بومهرة أحمد,
executive-decree-91-306,24,1,5,Beni Mezline,بني مزلين,
executive-decree-91-306,24,1,6,Belkheir,بلخير,
executive-decree-91-306,24,2,seat,BOUCHEGOUF,بوشقوف,
executive-decree-91-306,24,2,1,Bouchegouf,بوشقوف,
executive-decree-91-306,24,2,2,Medjez Sfa,مجاز الصفاء,eye
executive-decree-91-306,24,2,3,Oued Fraga,وادي فراغا,eye
executive-decree-91-306,24,2,4,Aïn Ben Beida,عين بن بيضاء,eye
executive-decree-91-306,24,3,seat,KHZARA,خزارة,eye
executive-decree-91-306,24,3,1,Khzara,خزارة,eye
executive-decree-91-306,24,3,2,Bouhachana,بوحشانة,
executive-decree-91-306,24,3,3,Aïn Sandel,عين صندل,
executive-decree-91-306,24,4,seat,OUED ZENATI,وادي زناتي,eye
executive-decree-91-306,24,4,1,Oued Zenati,وادي زناتي,eye
executive-decree-91-306,24,4,2,Ain Regada,عين رقادة,eye
executive-decree-91-306,24,4,3,Bordj Sabat,برج صباط,eye
executive-decree-91-306,24,5,seat,HAMMAM DEBAGH,حمام دباغ,eye
executive-decree-91-306,24,5,1,Hammam Debagh,حمام دباغ,
executive-decree-91-306,24,5,2,Bouhamdane,بوحمدان,
executive-decree-91-306,24,5,3,Roknia,الركنية,eye
executive-decree-91-306,24,6,seat,HELIOPOLIS,هيليو بوليس,eye
executive-decree-91-306,24,6,1,Heliopolis,هيليو بوليس,eye
executive-decree-91-306,24,6,2,El Fedjoudj,الفجوج,
executive-decree-91-306,24,6,3,Bouati Mahmoud,بوعاطي محمود,
executive-decree-91-306,24,7,seat,HAMMAM N’BAILS,حمام النبايل,eye
executive-decree-91-306,24,7,1,Hammam N’Bails,حمام النبايل,eye
executive-decree-91-306,24,7,2,Oued Cheham,وادي الشحم,
executive-decree-91-306,24,7,3,Dahouara,الدهوارة,
executive-decree-91-306,24,8,seat,AIN MAKHLOUF,عين مخلوف,
executive-decree-91-306,24,8,1,Aïn Makhlouf,عين مخلوف,
executive-decree-91-306,24,8,2,Aïn Larbi,عين العربي,
executive-decree-91-306,24,8,3,Tamlouka,تاملوكة,
executive-decree-91-306,24,9,seat,AIN HSAINIA,عين الحساينية,eye
executive-decree-91-306,24,9,1,Aïn Hsainia,عين الحساينية,eye
executive-decree-91-306,24,9,2,Medjez Amar,مجاز عمار,
executive-decree-91-306,24,9,3,Ras El Agba,رأس العقبة,eye
executive-decree-91-306,24,9,4,Sellaoua Announa,سلاوة عنونة,eye
executive-decree-91-306,24,10,seat,GUELMA,قالمة,
executive-decree-91-306,24,10,1,Guelma,قالمة,
executive-decree-91-306,24,10,2,Badjarah,باجراح,eye
executive-decree-91-306,25,1,seat,EL KHROUB,الخروب,eye
executive-decree-91-306,25,1,1,El Khroub,الخروب,eye
executive-decree-91-306,25,1,2,Ouled Rahmoun,أولاد رحمون,eye
executive-decree-91-306,25,1,3,Aïn Smara,عين سمارة,
executive-decree-91-306,25,2,seat,ZIGHOUD YOUCEF,زيغود يوسف,
executive-decree-91-306,25,2,1,Zighoud Youcef,زيغود يوسف,
executive-decree-91-306,25,2,2,Beni Hamidane,بني حميدان,eye
executive-decree-91-306,25,3,seat,AIN ABID,عين عبيد,eye
executive-decree-91-306,25,3,1,Aïn Abid,عين عبيد,
executive-decree-91-306,25,3,2,Ben Badis,ابن باديس,
executive-decree-91-306,25,4,seat,HAMMA BOUZIANE,حامة بوزيان,eye
executive-decree-91-306,25,4,1,Hamma Bouziane,حامة بوزيان,
executive-decree-91-306,25,4,2,Didouche Mourad,ديدوش مراد,
executive-decree-91-306,25,5,seat,IBN ZIAD,ابن زياد,eye
executive-decree-91-306,25,5,1,Ibn Ziad,ابن زياد,eye
executive-decree-91-306,25,5,2,Messaoud Boudjeriou,مسعود بوجريو,eye
executive-decree-91-306,25,6,seat,CONSTANTINE,قسنطينة,eye
executive-decree-91-306,25,6,1,Constantine,قسنطينة,
executive-decree-91-306,26,1,seat,OUZERA,وزرة,eye
executive-decree-91-306,26,1,1,Ouzera,وزرة,eye
executive-decree-91-306,26,1,2,El Hamdania,الحمدانية,
executive-decree-91-306,26,1,3,Tizi Mahdi,تيزي مهدي,eye
executive-decree-91-306,26,1,4,Benchicao,بن شكاو,
executive-decree-91-306,26,2,seat,BERROUAGHIA,البرواقية,eye
executive-decree-91-306,26,2,1,Berrouaghia,البرواقية,
executive-decree-91-306,26,2,2,Ouled Deide,أولاد دايد,eye
executive-decree-91-306,26,2,3,Rebaia,الربعية,
executive-decree-91-306,26,3,seat,KSAR EL BOUKHARI,قصر البخاري,
executive-decree-91-306,26,3,1,Ksar El Boukhari,قصر البخاري,
executive-decree-91-306,26,3,2,Saneg,السانق,eye
executive-decree-91-306,26,3,3,Meftaha,مفتاحة,eye
executive-decree-91-306,26,4,seat,EL OMARIA,العمرية,eye
executive-decree-91-306,26,4,1,El Omaria,العمرية,eye
executive-decree-91-306,26,4,2,Ouled Brahim,أولاد إبراهيم,eye
executive-decree-91-306,26,4,3,Baata,بعطة,
executive-decree-91-306,26,5,seat,AIN BOUCIF,عين بوسيف,
executive-decree-91-306,26,5,1,Aïn Boucif,عين بوسيف,
executive-decree-91-306,26,5,2,El Aouinet,العوينات,
executive-decree-91-306,26,5,3,Ouled Maref,أولاد معرف,eye
executive-decree-91-306,26,5,4,Kef Lakhdar,الكاف الأخضر,
executive-decree-91-306,26,5,5,Sidi Damed,سيدي دامد,eye
executive-decree-91-306,26,6,seat,TABLAT,تابلاط,
executive-decree-91-306,26,6,1,Tablat,تابلاط,
executive-decree-91-306,26,6,2,Deux Bassins,الحوضان,eye
executive-decree-91-306,26,6,3,Mezghana,مزغنة,eye
executive-decree-91-306,26,6,4,El Aïssaouia,عيساوة,eye
executive-decree-91-306,26,7,seat,BENI SLIMANE,بني سليمان,
executive-decree-91-306,26,7,1,Beni Slimane,بني سليمان,
executive-decree-91-306,26,7,2,Sidi Rabie,سيدي الربيع,eye
executive-decree-91-306,26,7,3,Bousekene,بوسكن,eye
executive-decree-91-306,26,8,seat,SI MAHDJOUB,سي المحجوب,
executive-decree-91-306,26,8,1,Si Mahdjoub,سي المحجوب,
executive-decree-91-306,26,8,2,Ouled Bouachra,أولاد بوعشرة,
executive-decree-91-306,26,8,3,Bouaichoune,بوعيشون,
executive-decree-91-306,26,9,seat,SEGHOUANE,سغوان,
executive-decree-91-306,26,9,1,Seghouane,سغوان,
executive-decree-91-306,26,9,2,Zoubiria,الزبيرية,
executive-decree-91-306,26,9,3,Tlelat Ed Douair,ثلاث دوائر,eye
executive-decree-91-306,26,9,4,Medjebeur,مجبر,eye
executive-decree-91-306,26,10,seat,AZIZ,عزيز,
executive-decree-91-306,26,10,1,Aziz,عزيز,eye
executive-decree-91-306,26,10,2,Derrag,دراق,
executive-decree-91-306,26,10,3,Oum El Djallil,أم الجليل,eye
executive-decree-91-306,26,11,seat,CHELLALAT EL ADHAOURA,شلالة العذاورة,eye
executive-decree-91-306,26,11,1,Chellalat El Adhaoura,شلالة العذاورة,
executive-decree-91-306,26,11,2,Tafraout,تفراوت,
executive-decree-91-306,26,11,3,Cheniguel,شنيقل,eye
executive-decree-91-306,26,11,4,Aïn Ouksir,عين القصير,
executive-decree-91-306,26,12,seat,EL AZIZIA,العزيزية,
executive-decree-91-306,26,12,1,El Azizia,العزيزية,eye
executive-decree-91-306,26,12,2,Maghraoua,مغراوة,
executive-decree-91-306,26,12,3,Mihoub,ميهوب,
executive-decree-91-306,26,13,seat,SOUAGHI,السواقي,eye
executive-decree-91-306,26,13,1,Souaghi,السواقي,eye
executive-decree-91-306,26,13,2,Sidi Ziane,سيدي زيان,
executive-decree-91-306,26,13,3,Sidi Zahar,سيدي زهار,
executive-decree-91-306,26,13,4,Djouab,جواب,
executive-decree-91-306,26,14,seat,CHAHBOUNIA,الشهبونية,
executive-decree-91-306,26,14,1,Chahbounia,الشهبونية,
executive-decree-91-306,26,14,2,Boughezoul,بوغزول,
executive-decree-91-306,26,14,3,Bouaiche,بوعيش,eye
executive-decree-91-306,26,15,seat,OUAMRI,عوامري,eye
executive-decree-91-306,26,15,1,Ouamri,عوامري,eye
executive-decree-91-306,26,15,2,Oued Harbil,وادي حربيل,
executive-decree-91-306,26,15,3,Hanacha,حناشة,eye
executive-decree-91-306,26,16,seat,OULED ANTAR,أولاد عنتر,
executive-decree-91-306,26,16,1,Ouled Antar,أولاد عنتر,
executive-decree-91-306,26,16,2,Boghar,بوغار,
executive-decree-91-306,26,16,3,Ouled Hellal,أولاد هلال,
executive-decree-91-306,26,17,seat,GUELB EL KEBIR,القلب الكبير,eye
executive-decree-91-306,26,17,1,Guelb El Kebir,القلب الكبير,eye
executive-decree-91-306,26,17,2,Sedraya,سدراية,eye
executive-decree-91-306,26,17,3,Bir Ben Abed,بئر بن عابد,eye
executive-decree-91-306,26,18,seat,SIDI NAAMANE,سيدي نعمان,
executive-decree-91-306,26,18,1,Sidi Naamane,سيدي نعمان,
executive-decree-91-306,26,18,2,Bouchrahil,بوشراحيل,
executive-decree-91-306,26,18,3,Khams Djouamaa,خمسة جوامع,eye
executive-decree-91-306,26,19,seat,MEDEA,المدية,eye
executive-decree-91-306,26,19,1,Médéa,المدية,eye
executive-decree-91-306,26,19,2,Draa Essamar,ذراع السمار,eye
executive-decree-91-306,26,19,3,Tamesguida,تامسقيدة,eye
executive-decree-91-306,27,1,seat,HASSI MAMECHE,حاسي معمش,eye
executive-decree-91-306,27,1,1,Hassi Mameche,حاسي معمش,eye
executive-decree-91-306,27,1,2,Stidia,ستيدية,
executive-decree-91-306,27,1,3,Mezeghrane,مزغران,eye
executive-decree-91-306,27,2,seat,AIN TEDELES,عين تادلس,eye
executive-decree-91-306,27,2,1,Aïn Tédeles,عين تادلس,eye
executive-decree-91-306,27,2,2,Sour,صور,eye
executive-decree-91-306,27,2,3,Sidi Bellatar,سيدى بلعطار,eye
executive-decree-91-306,27,2,4,Oued El Kheir,وادي الخير,eye
executive-decree-91-306,27,3,seat,BOUGUIRAT,بوقيراط,
executive-decree-91-306,27,3,1,Bouguirat,بوقيراط,
executive-decree-91-306,27,3,2,Souaflia,السوافلية,
executive-decree-91-306,27,3,3,Sirat,سيرات,eye
executive-decree-91-306,27,3,4,Safsaf,صفصاف,eye
executive-decree-91-306,27,4,seat,SIDI ALI,سيدي علي,
executive-decree-91-306,27,4,1,Sidi Ali,سيدي علي,
executive-decree-91-306,27,4,2,Tazgait,تزقايت,eye
executive-decree-91-306,27,4,3,Ouled Maalah,أولاد مع الله,eye
executive-decree-91-306,27,5,seat,ACHACHA,عشعاشة,eye
executive-decree-91-306,27,5,1,Achacha,عشعاشة,eye
executive-decree-91-306,27,5,2,Nekmaria,نكمارية,eye
executive-decree-91-306,27,5,3,Khadra,خضراء,eye
executive-decree-91-306,27,5,4,Ouled Boughalem,أولاد بوغالم,
executive-decree-91-306,27,6,seat,AIN NOUICY,عين نويسي,eye
executive-decree-91-306,27,6,1,Aïn Nouicy,عين نويسي,eye
executive-decree-91-306,27,6,2,Fornaka,فرناقة,eye
executive-decree-91-306,27,6,3,El Hassaine,الحسيان,
executive-decree-91-306,27,7,seat,MASRA,ماسرة,eye
executive-decree-91-306,27,7,1,Masra,ماسرة,eye
executive-decree-91-306,27,7,2,Aïn Sidi Chrif,عين سيدى الشريف,eye
executive-decree-91-306,27,7,3,Touahria,الطواهرية,
executive-decree-91-306,27,7,4,Mansoura,منصورة,
executive-decree-91-306,27,8,seat,KHEIR EDDINE,خير الدين,eye
executive-decree-91-306,27,8,1,Kheir Eddine,خير الدين,eye
executive-decree-91-306,27,8,2,Aïn Boudinar,عين بودينار,
executive-decree-91-306,27,8,3,Sayada,صيادة,
executive-decree-91-306,27,9,seat,SIDI LAKHDAR,سيدي الأخضر,
executive-decree-91-306,27,9,1,Sidi Lakhdar,سيدى الاخضر,eye
executive-decree-91-306,27,9,2,Hadjajd,حجاج,eye
executive-decree-91-306,27,9,3,Benabdelmalek Ramdane,بن عبد المالك رمضان,eye
executive-decree-91-306,27,10,seat,MOSTAGANEM,مستغانم,
executive-decree-91-306,27,10,1,Mostaganem,مستغانم,eye
executive-decree-91-306,28,1,seat,HAMMAM DHALAA,حمام الضلعة,eye
executive-decree-91-306,28,1,1,Hammam Dhalaa,حمام الضلعة,eye
executive-decree-91-306,28,1,2,Ouanougha,ونوغة,
executive-decree-91-306,28,1,3,Tarmount,تارمونت,
executive-decree-91-306,28,1,4,Ouled Mansour,أولاد منصور,
executive-decree-91-306,28,2,seat,OULED DERRADJ,أولاد دراج,eye
executive-decree-91-306,28,2,1,Ouled Derradj,أولاد دراج,
executive-decree-91-306,28,2,2,Maadid,المعاضيد,
executive-decree-91-306,28,2,3,Souamaa,الصوامع,
executive-decree-91-306,28,2,4,Metarfa,المطارفة,
executive-decree-91-306,28,2,5,Ouled Addi Guebala,أولاد عدي القبالة,
executive-decree-91-306,28,3,seat,SIDI AISSA,سيدي عيسى,
executive-decree-91-306,28,3,1,Sidi Aïssa,سيدي عيسى,
executive-decree-91-306,28,3,2,Beni Ilmane,بني يلمان,
executive-decree-91-306,28,3,3,Bouti Sayah,بوطي السايح,eye
executive-decree-91-306,28,4,seat,AIN EL MELH,عين الملح,
executive-decree-91-306,28,4,1,Aïn El Melh,عين الملح,
executive-decree-91-306,28,4,2,Aïn Rich,عين الريش,eye
executive-decree-91-306,28,4,3,Sidi M’Hamed,سيدي محمد,eye
executive-decree-91-306,28,4,4,Aïn Fares,عين فارس,
executive-decree-91-306,28,4,5,Bir Foda,بئر الفضة,eye
executive-decree-91-306,28,5,seat,BENSROUR,بن سرور,eye
executive-decree-91-306,28,5,1,Bensrour,بن سرور,eye
executive-decree-91-306,28,5,2,Ouled Slimane,أولاد سليمان,
executive-decree-91-306,28,5,3,Oued Chair,وادي الشعير,eye
executive-decree-91-306,28,5,4,Zarzour,الزرزور,
executive-decree-91-306,28,6,seat,BOUSSAADA,بوسعادة,eye
executive-decree-91-306,28,6,1,Boussaada,بوسعادة,eye
executive-decree-91-306,28,6,2,Oultene,ولتان,eye
executive-decree-91-306,28,6,3,El Hamel,الهامل,
executive-decree-91-306,28,6,4,El Houamed,الحوامد,
executive-decree-91-306,28,7,seat,OULED SIDI BRAHIM,أولاد سيدى ابراهيم,eye
executive-decree-91-306,28,7,1,Ouled Sidi Brahim,أولاد سيدي ابراهيم,
executive-decree-91-306,28,7,2,Benzouh,بن زوح,eye
executive-decree-91-306,28,8,seat,SIDI AMEUR,سيدى عامر,eye
executive-decree-91-306,28,8,1,Sidi Ameur,سيدي عامر,eye
executive-decree-91-306,28,8,2,Temsa,تامسة,eye
executive-decree-91-306,28,9,seat,MAGRA,مقرة,
executive-decree-91-306,28,9,1,Magra,مقرة,
executive-decree-91-306,28,9,2,Belaiba,بلعايبة,
executive-decree-91-306,28,9,3,Berhoum,برهوم,
executive-decree-91-306,28,9,4,Aïn El Khadra,عين خضراء,eye
executive-decree-91-306,28,9,5,Dehahna,دهاهنة,eye
executive-decree-91-306,28,10,seat,CHELLAL,شلال,
executive-decree-91-306,28,10,1,Chellal,شلال,
executive-decree-91-306,28,10,2,Ouled Mahdi,أولاد ماضي,eye
executive-decree-91-306,28,10,3,Khatouti Sed El Djir,خطوطي سد الجير,eye
executive-decree-91-306,28,10,4,Maarif,المعاريف,eye
executive-decree-91-306,28,11,seat,KHOUBANA,خبانة,
executive-decree-91-306,28,11,1,Khoubana,خبانة,
executive-decree-91-306,28,11,2,M’Cif,مسيف,
executive-decree-91-306,28,12,seat,MEDJEDEL,مجدل,eye
executive-decree-91-306,28,12,1,Medjedel,مجدل,eye
executive-decree-91-306,28,12,2,Ouled Attia,أولاد عطية,
executive-decree-91-306,28,13,seat,AIN EL HADJEL,عين الحجل,
executive-decree-91-306,28,13,1,Aïn El Hadjel,عين الحجل,eye
executive-decree-91-306,28,13,2,Sidi Hadjeres,سيدي هجرس,
executive-decree-91-306,28,14,seat,DJEBEL MESSAAD,جبل مسعد,eye
executive-decree-91-306,28,14,1,Djebel Messaad,جبل مسعد,eye
executive-decree-91-306,28,14,2,Slim,سليم,
executive-decree-91-306,28,15,seat,M’SILA,المسيلة,
executive-decree-91-306,28,15,1,M’Sila,المسيلة,
executive-decree-91-306,29,1,seat,BOUHANIFIA,بوحنيفية,eye
executive-decree-91-306,29,1,1,Bouhanifia,بوحنيفية,eye
executive-decree-91-306,29,1,2,Hacine,حسين,eye
executive-decree-91-306,29,1,3,El Gueithna,القطنة,eye
executive-decree-91-306,29,2,seat,TIGHENIF,تيغنيف,eye
executive-decree-91-306,29,2,1,Tighenif,تيغنيف,eye
executive-decree-91-306,29,2,2,Sehailia,السحايلية,
executive-decree-91-306,29,2,3,Sidi Kada,سيدى قادة,eye
executive-decree-91-306,29,3,seat,GHRISS,غريس,
executive-decree-91-306,29,3,1,Ghriss,غريس,
executive-decree-91-306,29,3,2,Maoussa,ماوسة,
executive-decree-91-306,29,3,3,Matemore,مطمور,
executive-decree-91-306,29,3,4,Sidi Boussaïd,سيدى بوسعيد,eye
executive-decree-91-306,29,3,5,Makdha,ماقضة,
executive-decree-91-306,29,4,seat,MOHAMMEDIA,المحمدية,eye
executive-decree-91-306,29,4,1,Mohammedia,المحمدية,eye
executive-decree-91-306,29,4,2,El Ghomri,الغمري,eye
executive-decree-91-306,29,4,3,Sidi Abdelmoumène,سيدي عبد المؤمن,eye
executive-decree-91-306,29,4,4,Sedjerara,سجرارة,
executive-decree-91-306,29,4,5,Mocta Douz,مقطع الدوز,eye
executive-decree-91-306,29,4,6,Ferraguig,فراقيق,
executive-decree-91-306,29,5,seat,SIG,سيق,
executive-decree-91-306,29,5,1,Sig,سيق,eye
executive-decree-91-306,29,5,2,Chorfa,الشرفاء,eye
executive-decree-91-306,29,5,3,Bou Henni,بوهنى,eye
executive-decree-91-306,29,6,seat,RACHEM,الحشم,eye
executive-decree-91-306,29,6,1,Rachem,الحشم,eye
executive-decree-91-306,29,6,2,Zelamta,زلامطة,eye
executive-decree-91-306,29,6,3,Nesmoth,نسموط,
executive-decree-91-306,29,7,seat,ZAHANA,زهانة,
executive-decree-91-306,29,7,1,Zahana,زهانة,
executive-decree-91-306,29,7,2,El Gaada,القعدة,
executive-decree-91-306,29,8,seat,EL BORDJ,البرج,
executive-decree-91-306,29,8,1,El Bordj,البرج,eye
executive-decree-91-306,29,8,2,El Menaouer,المنور,
executive-decree-91-306,29,8,3,Khalouia,خلوية,eye
executive-decree-91-306,29,9,seat,AIN FARES,عين فارس,
executive-decree-91-306,29,9,1,Aïn Fares,عين فارس,eye
executive-decree-91-306,29,9,2,Mamounia,المأمونية,eye
executive-decree-91-306,29,10,seat,AOUF,عوف,
executive-decree-91-306,29,10,1,Aouf,عوف,
executive-decree-91-306,29,10,2,Bénian,بنيان,eye
executive-decree-91-306,29,10,3,Gharouss,غروس,eye
executive-decree-91-306,29,11,seat,OUED El ABTAL,وادي الأبطال,eye
executive-decree-91-306,29,11,1,Oued El Abtal,وادي الأبطال,
executive-decree-91-306,29,11,2,Aïn Ferah,عين فراح,
executive-decree-91-306,29,11,3,Sidi Abdeldjebar,سيدي عبد الجبار,eye
executive-decree-91-306,29,12,seat,TIZI,تيزي,eye
executive-decree-91-306,29,12,1,Tizi,تيزي,eye
executive-decree-91-306,29,12,2,El Keurt,القرط,eye
executive-decree-91-306,29,12,3,Froha,فروحة,
executive-decree-91-306,29,13,seat,OUED TARIA,وادي طاغية,eye
executive-decree-91-306,29,13,1,Oued Taria,وادي طاغية,eye
executive-decree-91-306,29,13,2,Guerdjoum,قرجوم,
executive-decree-91-306,29,14,seat,OGGAZ,عكاز,eye
executive-decree-91-306,29,14,1,Oggaz,عكاز,eye
executive-decree-91-306,29,14,2,Ras Ain Amirouche,رأس عين عميروش,eye
executive-decree-91-306,29,14,3,El Alaimia,العلايمية,eye
executive-decree-91-306,29,15,seat,AIN FEKKAN,عين فكان,eye
executive-decree-91-306,29,15,1,Aïn Fekkan,عين فكان,eye
executive-decree-91-306,29,15,2,Ain Frass,عين الفرس,eye
executive-decree-91-306,29,16,seat,MASCARA,معسكر,
executive-decree-91-306,29,16,1,Mascara,معسكر,
executive-decree-91-306,30,1,seat,TOUGGOURT,توقرت,eye
executive-decree-91-306,30,1,1,Touggourt,توقرت,eye
executive-decree-91-306,30,1,2,Nezla,النزلة,
executive-decree-91-306,30,1,3,Tebesbest,تيبسبست,eye
executive-decree-91-306,30,1,4,Zaouia El Abidia,زاوية العابدية,eye
executive-decree-91-306,30,2,seat,EL HADJIRA,الحجيرة,eye
executive-decree-91-306,30,2,1,El Hadjira,الحجيرة,eye
executive-decree-91-306,30,2,2,El Alia,العالية,eye
executive-decree-91-306,30,3,seat,TAIBET,الطيبات,
executive-decree-91-306,30,3,1,Taïbet,الطيبات,eye
executive-decree-91-306,30,3,2,M’Naguer,المنقر,
executive-decree-91-306,30,3,3,Bennaceur,بن ناصر,eye
executive-decree-91-306,30,4,seat,HASSI MESSAOUD,حاسى مسعود,eye
executive-decree-91-306,30,4,1,Hassi Messaoud,حاسى مسعود,eye
executive-decree-91-306,30,5,seat,SIDI KHOUILED,سيدي خويلد,
executive-decree-91-306,30,5,1,Sidi Khouiled,سيدى خويلد,eye
executive-decree-91-306,30,5,2,Aïn Beida,عين البيضاء,
executive-decree-91-306,30,5,3,Hassi Ben Abdellah,حاسى بن عبد الله,eye
executive-decree-91-306,30,6,seat,MEGARINE,المقارين,eye
executive-decree-91-306,30,6,1,Megarine,المقارين,eye
executive-decree-91-306,30,6,2,Sidi Slimane,سيدى سليمان,eye
executive-decree-91-306,30,7,seat,N’GOUSSA,نقوسة,eye
executive-decree-91-306,30,7,1,N’Goussa,نقوسة,eye
executive-decree-91-306,30,8,seat,TEMACINE,تماسين,eye
executive-decree-91-306,30,8,1,Temacine,تماسين,eye
executive-decree-91-306,30,8,2,Blidate Ameur,بليدة عامر,eye
executive-decree-91-306,30,9,seat,EL BORMA,البرمة,
executive-decree-91-306,30,9,1,El Borma,البرمة,
executive-decree-91-306,30,10,seat,OUARGLA,ورقلة,
executive-decree-91-306,30,10,1,Ouargla,ورقلة,
executive-decree-91-306,30,10,2,,الرويسات,
executive-decree-91-306,31,1,seat,ES SENIA,السانية,
executive-decree-91-306,31,1,1,Es Senia,السانية,eye
executive-decree-91-306,31,1,2,El Kerma,الكرمة,
executive-decree-91-306,31,1,3,Sidi Chahmi,سيدي الشحمي,eye
executive-decree-91-306,31,2,seat,AIN TURK,عين الترك,eye
executive-decree-91-306,31,2,1,Aïn Turk,عين الترك,eye
executive-decree-91-306,31,2,2,Mers El Kebir,المرسى الكبير,eye
executive-decree-91-306,31,2,3,Bousfer,بوسفر,
executive-decree-91-306,31,2,4,El Ançar,العنصر,eye
executive-decree-91-306,31,3,seat,ARZEW,أرزيو,eye
executive-decree-91-306,31,3,1,Arzew,أرزيو,
executive-decree-91-306,31,3,2,Sidi Benyebka,سيدي بن يبقى,
executive-decree-91-306,31,4,seat,BOUTLETIS,بوتليليس,eye
executive-decree-91-306,31,4,1,Boutlelis,بوتليليس,
executive-decree-91-306,31,4,2,Aïn El Karma,عين الكرمة,eye
executive-decree-91-306,31,4,3,Misserghin,مسرغين,
executive-decree-91-306,31,5,seat,BETHIOUA,بطيوة,
executive-decree-91-306,31,5,1,Bethioua,بطيوة,
executive-decree-91-306,31,5,2,Mersa El Hadjadj,مرسى الحجاج,eye
executive-decree-91-306,31,5,3,Aïn Biya,عين البية,eye
executive-decree-91-306,31,6,seat,GDYEL,قديل,
executive-decree-91-306,31,6,1,Gdyel,قديل,
executive-decree-91-306,31,6,2,Hassi Mefsoukh,حاسي مفسوخ,
executive-decree-91-306,31,6,3,Ben Freha,بن فريحة,
executive-decree-91-306,31,7,seat,OUED TLELAT,وادي تليلات,
executive-decree-91-306,31,7,1,Oued Tlelat,وادي تليلات,
executive-decree-91-306,31,7,2,Tafraoui,طفراوى,eye
executive-decree-91-306,31,7,3,El Braya,البراية,eye
executive-decree-91-306,31,7,4,Boufatis,بوفطيس,eye
executive-decree-91-306,31,8,seat,BIR EL DJIR,بئر الجير,
executive-decree-91-306,31,8,1,Bir El Djir,بئر الجير,eye
executive-decree-91-306,31,8,2,Hassi Bounif,حاسي بونيف,
executive-decree-91-306,31,8,3,Hassi Benokba,حاسي بن عقبة,eye
executive-decree-91-306,31,9,seat,ORAN,وهران,
executive-decree-91-306,31,9,1,Oran,وهران,eye
executive-decree-91-306,32,1,seat,BOUGTOB,بوقطب,eye
executive-decree-91-306,32,1,1,Bougtob,بوقطب,
executive-decree-91-306,32,1,2,El Kheiter,الخيثر,
executive-decree-91-306,32,1,3,Tousmouline,توسمولين,
executive-decree-91-306,32,2,seat,BOUALEM,بوعلام,
executive-decree-91-306,32,2,1,Boualem,بوعلام,
executive-decree-91-306,32,2,2,Sidi Taifour,سيدي طيفور,eye
executive-decree-91-306,32,2,3,Sidi Amar,سيدي عامر,eye
executive-decree-91-306,32,2,4,Stiten,ستيتن,eye
executive-decree-91-306,32,2,5,Sidi Slimane,سيدي سليمان,
executive-decree-91-306,32,3,seat,LABIODH SIDI CHEIKH,الابيض سيدي الشيخ,eye
executive-decree-91-306,32,3,1,Labiodh Sidi Cheikh,الابيض سيدي الشيخ,eye
executive-decree-91-306,32,3,2,El Bnoud,البنود,
executive-decree-91-306,32,3,3,Arbaout,عرباوة,eye
executive-decree-91-306,32,3,4,Aïn El Orak,عين العراك,
executive-decree-91-306,32,4,seat,ROGASSA,رقاصة,eye
executive-decree-91-306,32,4,1,Rogassa,رقاصة,eye
executive-decree-91-306,32,4,2,Cheguig,الشقيق,eye
executive-decree-91-306,32,4,3,Kef Lahmar,الكاف الأحمر,eye
executive-decree-91-306,32,5,seat,BREZINA,بريزينة,
executive-decree-91-306,32,5,1,Brezina,بريزينة,
executive-decree-91-306,32,5,2,Ghassoul,غسول,eye
executive-decree-91-306,32,5,3,Krakda,كراكدة,eye
executive-decree-91-306,32,6,seat,BOUSSEMGHOUM,بوسمغون,eye
executive-decree-91-306,32,6,1,Boussemghoum,بوسمغون,eye
executive-decree-91-306,32,7,seat,CHELLALA,شلالة,eye
executive-decree-91-306,32,7,1,Chellala,شلالة,eye
executive-decree-91-306,32,7,2,El Mehara,المهارة,eye
executive-decree-91-306,32,8,seat,EL BAYADH,البيض,eye
executive-decree-91-306,32,8,1,El Bayadh,البيض,eye
executive-decree-91-306,33,1,seat,DJANET,جانت,
executive-decree-91-306,33,1,1,Djanet,جانت,
executive-decree-91-306,33,1,2,Bordj El Houasse,برج الحواس,eye
executive-decree-91-306,33,2,seat,IN AMENAS,إن أميناس,
executive-decree-91-306,33,2,1,In Amenas,ان اميناس,eye
executive-decree-91-306,33,2,2,Bordj Omar Driss,برج عمر إدريس,
executive-decree-91-306,33,2,3,Debdeb,دبداب,
executive-decree-91-306,33,3,seat,ILLIZI,إليزي,eye
executive-decree-91-306,33,3,1,Illizi,اليزي,eye
executive-decree-91-306,34,1,seat,MEDJANA,مجانة,
executive-decree-91-306,34,1,1,Medjana,مجانة,
executive-decree-91-306,34,1,2,Theniet En Nasr,ثنية النصر,eye
executive-decree-91-306,34,1,3,Hasnaoua,حسناوة,
executive-decree-91-306,34,1,4,El Achir,الياشير,eye
executive-decree-91-306,34,2,seat,MANSOURAH,المنصورة,
executive-decree-91-306,34,2,1,Mansourah,المنصورة,
executive-decree-91-306,34,2,2,Ben Daoud,بن داود,
executive-decree-91-306,34,2,3,Haraza,حرازة,
executive-decree-91-306,34,2,4,El Mehir,المهير,eye
executive-decree-91-306,34,2,5,Ouled Sidi Brahim,اولاد سيدي ابراهيم,eye
executive-decree-91-306,34,3,seat,RAS EL OUED,رأس الوادي,eye
executive-decree-91-306,34,3,1,Ras El Oued,رأس الوادي,
executive-decree-91-306,34,3,2,Ouled Braham,أولاد إبراهيم,eye
executive-decree-91-306,34,3,3,Aïn Tesra,عين تسرة,eye
executive-decree-91-306,34,3,4,,تكستين,eye
executive-decree-91-306,34,4,seat,BORDJ GHDIR,برج الغدير,eye
executive-decree-91-306,34,4,1,Bordj Ghdir,برج الغدير,eye
executive-decree-91-306,34,4,2,Ghilassa,غيلاسة,
executive-decree-91-306,34,4,3,Belimour,بليمور,
executive-decree-91-306,34,4,4,El Anceur,العنصر,
executive-decree-91-306,34,4,5,Taglait,تقليت,eye
executive-decree-91-306,34,5,seat,EL HAMADIA,الحمادية,
executive-decree-91-306,34,5,1,El Hamadia,الحمادية,
executive-decree-91-306,34,5,2,El Ach,العش,
executive-decree-91-306,34,5,3,Rabta,الرابطة,
executive-decree-91-306,34,5,4,Ksour,القصور,
executive-decree-91-306,34,6,seat,BIR KASDALI,بئر قصد علي,
executive-decree-91-306,34,6,1,Bir Kasdali,بئر قصد علي,
executive-decree-91-306,34,6,2,Khelil,خليل,
executive-decree-91-306,34,6,3,Sidi M’Barek,سيدي مبارك,eye
executive-decree-91-306,34,7,seat,BORDJ ZEMMOURA,برج زمورة,eye
executive-decree-91-306,34,7,1,Bordj Zemmoura,برج زمورة,eye
executive-decree-91-306,34,7,2,Tasmart,تسمرت,eye
executive-decree-91-306,34,7,3,Ouled Dahmane,أولاد دحمان,
executive-decree-91-306,34,8,seat,DJAAFRA,الجعافرة,eye
executive-decree-91-306,34,8,1,Djaafra,الجعافرة,eye
executive-decree-91-306,34,8,2,El Main,الماين,eye
executive-decree-91-306,34,8,3,Tafreg,تفرق,eye
executive-decree-91-306,34,8,4,Colla,القلة,
executive-decree-91-306,34,9,seat,AIN TAGHROUT,عين تاغروت,
executive-decree-91-306,34,9,1,Ain Taghrout,عين تاغروت,eye
executive-decree-91-306,34,9,2,Tixter,تيكستر,eye
executive-decree-91-306,34,10,seat,BORDJ BOU ARRERIDJ,برج بوعريريج,
executive-decree-91-306,34,10,1,Bordj Bou Arréridj,برج بوعريريج,eye
executive-decree-91-306,35,1,seat,BORDJ MENAIEL,برج منايل,
executive-decree-91-306,35,1,1,Bordj Menaïel,برج منايل,
executive-decree-91-306,35,1,2,Djinet,جينات,eye
executive-decree-91-306,35,1,3,Lagata,لقاطة,eye
executive-decree-91-306,35,1,4,Zemmouri,زموري,
executive-decree-91-306,35,2,seat,BOUDOUAOU,بودواو,
executive-decree-91-306,35,2,1,Boudouaou,بودواو,
executive-decree-91-306,35,2,2,El Kharouba,الخروبة,eye
executive-decree-91-306,35,2,3,Keddara,قدارة,eye
executive-decree-91-306,35,3,seat,ROUIBA,الرويبة,
executive-decree-91-306,35,3,1,Rouiba,الرويبة,eye
executive-decree-91-306,35,3,2,Aïn Taya,عين طاية,eye
executive-decree-91-306,35,3,3,El Marsa,المرسى,
executive-decree-91-306,35,3,4,Bordj El Bahri,برج البحري,eye
executive-decree-91-306,35,4,seat,DELLYS,دلس,
executive-decree-91-306,35,4,1,Dellys,دلس,
executive-decree-91-306,35,4,2,Taourga,تورقة,eye
executive-decree-91-306,35,4,3,Benchoud,بن شود,eye
executive-decree-91-306,35,4,4,Afir,أفير,eye
executive-decree-91-306,35,5,seat,THENIA,الثنية,eye
executive-decree-91-306,35,5,1,Thenia,الثنية,eye
executive-decree-91-306,35,5,2,Souk El Had,سوق الأحد,eye
executive-decree-91-306,35,5,3,Beni Amrane,بني عمران,eye
executive-decree-91-306,35,5,4,Ammal,عمال,eye
executive-decree-91-306,35,6,seat,ISSER,يسر,eye
executive-decree-91-306,35,6,1,Isser,يسر,eye
executive-decree-91-306,35,6,2,Chaabet El Ameur,شعبة العامر,eye
executive-decree-91-306,35,6,3,Timezrit,تمزريت,eye
executive-decree-91-306,35,6,4,Si Mustapha,سي مصطفى,
executive-decree-91-306,35,7,seat,KHEMIS EL KHECHNA,خميس الخشنة,eye
executive-decree-91-306,35,7,1,Khemis El Khechna,خميس الخشنة,
executive-decree-91-306,35,7,2,Hammedi,حمادي,eye
executive-decree-91-306,35,7,3,Larbatache,الاربعطاش,eye
executive-decree-91-306,35,7,4,Ouled Moussa,اولاد موسى,eye
executive-decree-91-306,35,8,seat,REGHAIA,الرغاية,eye
executive-decree-91-306,35,8,1,Reghaïa,رغاية,eye
executive-decree-91-306,35,8,2,Haroua,هراوة,eye
executive-decree-91-306,35,8,3,Ouled Hadjadj,أولاد حجاج,eye
executive-decree-91-306,35,8,4,Boudouaou El Bahri,بودواو البحري,
executive-decree-91-306,35,9,seat,NACIRIA,الناصرية,eye
executive-decree-91-306,35,9,1,Naciria,الناصرية,eye
executive-decree-91-306,35,9,2,Baghlia,بغلية,
executive-decree-91-306,35,9,3,Ouled Aïssa,اولاد عيسى,eye
executive-decree-91-306,35,9,4,Sidi Daoud,سيدي داود,
executive-decree-91-306,35,10,seat,BOUMERDES,بومرداس,eye
executive-decree-91-306,35,10,1,Boumerdes,بومرداس,eye
executive-decree-91-306,35,10,2,Corso,قورصو,
executive-decree-91-306,35,10,3,Tidjelabine,تجلبين,eye
executive-decree-91-306,36,1,seat,DREAN,الذرعان,
executive-decree-91-306,36,1,1,Drean,الذرعان,eye
executive-decree-91-306,36,1,2,Chbaita Mokhtar,شبايطة مختار,eye
executive-decree-91-306,36,1,3,Chihani,شهاني,eye
executive-decree-91-306,36,2,seat,BEN M’HIDI,بن مهيدي,eye
executive-decree-91-306,36,2,1,Ben M’Hidi,بن مهيدي,eye
executive-decree-91-306,36,2,2,Chatt,الشط,eye
executive-decree-91-306,36,2,3,Berrihane,بريحان,
executive-decree-91-306,36,3,seat,BOUHADJAR,بوحجار,eye
executive-decree-91-306,36,3,1,Bouhadjar,بوحجار,eye
executive-decree-91-306,36,3,2,Oued Zitoun,وادي الزيتون,eye
executive-decree-91-306,36,3,3,Aïn Karma,عين الكرمة,eye
executive-decree-91-306,36,3,4,Hammam Beni Salah,حمام بن صالح,eye
executive-decree-91-306,36,4,seat,EL KALA,القالة,
executive-decree-91-306,36,4,1,El Kala,القالة,
executive-decree-91-306,36,4,2,Souarekh,السوارخ,
executive-decree-91-306,36,4,3,El Aïoun,العيون,eye
executive-decree-91-306,36,4,4,Raml Essouk,رمل السوق,eye
executive-decree-91-306,36,5,seat,BESBES,البسباس,eye
executive-decree-91-306,36,5,1,Besbes,البسباس,
executive-decree-91-306,36,5,2,Zerizer,زريزر,
executive-decree-91-306,36,5,3,Asfour,عصفور,eye
executive-decree-91-306,36,6,seat,BOUTELDJA,بوثلجة,
executive-decree-91-306,36,6,1,Bouteldja,بوثلجة,eye
executive-decree-91-306,36,6,2,Lac des oiseaux,بحيرة الطيور,eye
executive-decree-91-306,36,6,3,Cheffia,الشافية,eye
executive-decree-91-306,36,7,seat,EL TARF,الطارف,
executive-decree-91-306,36,7,1,El Tarf,الطارف,eye
executive-decree-91-306,36,7,2,Aïn El Assel,عين العسل,
executive-decree-91-306,36,7,3,Bouggous,بوقوس,eye
executive-decree-91-306,36,7,4,Zitouna,الزيتونة,
executive-decree-91-306,37,1,seat,TINDOUF,تيندوف,eye
executive-decree-91-306,37,1,1,Tindouf,تيندوف,eye
executive-decree-91-306,37,1,2,Oum El Assel,أم العسل,eye
executive-decree-91-306,38,1,seat,KHEMISTI,خميستي,
executive-decree-91-306,38,1,1,Khemisti,خميستي,
executive-decree-91-306,38,1,2,Layoun,العيون,eye
executive-decree-91-306,38,2,seat,THENIET EL HAD,ثنية الأحد,
executive-decree-91-306,38,2,1,Theniet El Had,ثنية الأحد,
executive-decree-91-306,38,2,2,Sidi Boutouchent,سيدي بوتوشنت,eye
executive-decree-91-306,38,3,seat,BORDJ BOU NAAMA,برج بونعامة,eye
executive-decree-91-306,38,3,1,Bordj Bou Naama,برج بونعامة,
executive-decree-91-306,38,3,2,Sidi Slimane,سيدي سليمان,
executive-decree-91-306,38,3,3,Béni Chaïb,بني شعيب,eye
executive-decree-91-306,38,3,4,Béni Lahcène,بني لحسن,eye
executive-decree-91-306,38,4,seat,LARDJEM,الأرجم,eye
executive-decree-91-306,38,4,1,Lardjem,الارجم,eye
executive-decree-91-306,38,4,2,Sidi Lantri,سيدي العنتري,
executive-decree-91-306,38,4,3,Melaab,ملعب,eye
executive-decree-91-306,38,4,4,Tamelaht,تاملاحت,eye
executive-decree-91-306,38,5,seat,LAZHARIA,الأزهرية,
executive-decree-91-306,38,5,1,Lazharia,الازهرية,eye
executive-decree-91-306,38,5,2,Boukaïd,بوقايد,eye
executive-decree-91-306,38,5,3,Larbaa,الاربعاء,eye
executive-decree-91-306,38,6,seat,AMMARI,عماري,
executive-decree-91-306,38,6,1,Ammari,عماري,
executive-decree-91-306,38,6,2,Sidi Abed,سيدي عابد,
executive-decree-91-306,38,6,3,Naaçem,المعاصم,eye
executive-decree-91-306,38,7,seat,BORDJ EMIR ABDELKADER,برج الأمير عبد القادر,eye
executive-decree-91-306,38,7,1,Bordj Emir Abdelkader,برج الامير عبد القادر,eye
executive-decree-91-306,38,7,2,Youssoufia,اليوسفية,
executive-decree-91-306,38,8,seat,TISSEMSILT,تيسمسيلت,eye
executive-decree-91-306,38,8,1,Tissemsilt,تيسمسيلت,eye
executive-decree-91-306,38,8,2,Ouled Bessem,أولاد بسام,
executive-decree-91-306,39,1,seat,DJAMAA,جامعة,
executive-decree-91-306,39,1,1,Djamaa,جامعة,
executive-decree-91-306,39,1,2,Sidi Amrane,سيدي عمران,
executive-decree-91-306,39,1,3,Tinedla,تندلة,eye
executive-decree-91-306,39,1,4,M’Ghagha,مغاغة,eye
executive-decree-91-306,39,2,seat,TALEB LARBI,طالب العربي,
executive-decree-91-306,39,2,1,Taleb Larbi,طالب العربي,
executive-decree-91-306,39,2,2,Douar El Ma,دوار الماء,
executive-decree-91-306,39,2,3,Ben Guecha,بني ڤشة,eye
executive-decree-91-306,39,3,seat,DEBILA,الدبيلة,
executive-decree-91-306,39,3,1,Debila,الدبيلة,
executive-decree-91-306,39,3,2,Hassani Abdelkrim,حساني عبد الكريم,eye
executive-decree-91-306,39,4,seat,GUEMAR,قمار,
executive-decree-91-306,39,4,1,Guemar,قمار,
executive-decree-91-306,39,4,2,Taghzout,تاغزوت,
executive-decree-91-306,39,4,3,Ourmes,ورماس,eye
executive-decree-91-306,39,5,seat,EL MEGHAIER,المغير,eye
executive-decree-91-306,39,5,1,El Meghaier,المغير,eye
executive-decree-91-306,39,5,2,Sidi Khelil,سيدي خليل,eye
executive-decree-91-306,39,5,3,Oum Touyour,أم الطيور,eye
executive-decree-91-306,39,5,4,Still,سطيل,
executive-decree-91-306,39,6,seat,ROBBAH,الرباح,
executive-decree-91-306,39,6,1,Robbah,الرباح,
executive-decree-91-306,39,6,2,El Ogla,العقلة,
executive-decree-91-306,39,6,3,Nakhla,النخلة,
executive-decree-91-306,39,7,seat,HASSI KHELIFA,حاسي خليفة,eye
executive-decree-91-306,39,7,1,Hassi Khelifa,حاسي خليفة,eye
executive-decree-91-306,39,7,2,Trifaoui,الطريفاوي,
executive-decree-91-306,39,8,seat,MAGRANE,المقرن,eye
executive-decree-91-306,39,8,1,Magrane,المقرن,eye
executive-decree-91-306,39,8,2,Sidi Aoun,سيدي عون,
executive-decree-91-306,39,9,seat,BAYADHA,البياضة,
executive-decree-91-306,39,9,1,Bayadha,البياضة,
executive-decree-91-306,39,10,seat,REGUIBA,الرقيبة,
executive-decree-91-306,39,10,1,Reguiba,الرقيبة,
executive-decree-91-306,39,10,2,Hamraia,الحمراية,
executive-decree-91-306,39,11,seat,MIH OUENSA,مية وانسة,eye
executive-decree-91-306,39,11,1,Mih Ouensa,مية وانسة,eye
executive-decree-91-306,39,11,2,Oued Allenda,وادي العندلة,eye
executive-decree-91-306,39,12,seat,EL OUED,الوادي,eye
executive-decree-91-306,39,12,1,El Oued,الوادي,eye
executive-decree-91-306,39,12,2,Kouinine,كوينين,
executive-decree-91-306,40,1,seat,KAIS,قايس,
executive-decree-91-306,40,1,1,Kaïs,قايس,
executive-decree-91-306,40,1,2,Remila,الرميلة,
executive-decree-91-306,40,1,3,Taouzinet,تاوزينت,eye
executive-decree-91-306,40,2,seat,EL HAMMA,الحامة,eye
executive-decree-91-306,40,2,1,El Hamma,الحامة,
executive-decree-91-306,40,2,2,Tamza,تامزة,eye
executive-decree-91-306,40,2,3,Ensigha,انسيغة,eye
executive-decree-91-306,40,2,4,Baghai,بغاي,eye
executive-decree-91-306,40,3,seat,CHECHAR,ششار,
executive-decree-91-306,40,3,1,Chechar,ششار,
executive-decree-91-306,40,3,2,Djellal,جلال,
executive-decree-91-306,40,3,3,Khairane,خيران,eye
executive-decree-91-306,40,3,4,El Ouldja,الولجة,
executive-decree-91-306,40,4,seat,BOUHMAMA,بوحمامة,
executive-decree-91-306,40,4,1,Bouhmama,بوحمامة,
executive-decree-91-306,40,4,2,Chellia,شلية,eye
executive-decree-91-306,40,4,3,M’Sara,مصارة,eye
executive-decree-91-306,40,4,4,Yabous,يابوس,
executive-decree-91-306,40,5,seat,AIN TOUILA,عين الطويلة,
executive-decree-91-306,40,5,1,Aïn Touila,عين الطويلة,
executive-decree-91-306,40,5,2,M’Toussa,متوسة,
executive-decree-91-306,40,6,seat,OULED RECHACHE,اولاد رشاش,eye
executive-decree-91-306,40,6,1,Ouled Rechache,أولاد رشاش,
executive-decree-91-306,40,6,2,El Mahmel,المحمل,eye
executive-decree-91-306,40,7,seat,BABAR,بابار,
executive-decree-91-306,40,7,1,Babar,بابار,
executive-decree-91-306,40,8,seat,KHENCHELA,خنشلة,
executive-decree-91-306,40,8,1,Khenchela,خنشلة,eye
executive-decree-91-306,41,1,seat,MERAHNA,المراهنة,
executive-decree-91-306,41,1,1,Merahna,المراهنة,
executive-decree-91-306,41,1,2,Ouillen,ويلان,
executive-decree-91-306,41,1,3,Sidi Fredj,سيدي فرج,eye
executive-decree-91-306,41,2,seat,SEDRATA,سدراته,eye
executive-decree-91-306,41,2,1,Sedrata,سدراتة,
executive-decree-91-306,41,2,2,Khemissa,خميسة,eye
executive-decree-91-306,41,2,3,Aïn Soltane,عين سلطان,
executive-decree-91-306,41,3,seat,M’DAOUROUCH,مداوروش,
executive-decree-91-306,41,3,1,M’Daourouch,مداوروش,eye
executive-decree-91-306,41,3,2,Tiffech,تيفاش,
executive-decree-91-306,41,3,3,Ragouba,الرقوبة,eye
executive-decree-91-306,41,4,seat,TAOURA,تاورة,
executive-decree-91-306,41,4,1,Taoura,تاورة,
executive-decree-91-306,41,4,2,Zaarouria,الزعرورية,
executive-decree-91-306,41,4,3,Drea,الدريعة,eye
executive-decree-91-306,41,5,seat,OULED DRISS,أولاد أدريس,eye
executive-decree-91-306,41,5,1,Ouled Driss,أولاد ادريس,eye
executive-decree-91-306,41,5,2,Ain Zana,عين الزانة,eye
executive-decree-91-306,41,6,seat,HADDADA,الحدادة,eye
executive-decree-91-306,41,6,1,Haddada,الحدادة,eye
executive-decree-91-306,41,6,2,Khedara,لخضارة,eye
executive-decree-91-306,41,6,3,Ouled Moumen,اولاد مؤمن,eye
executive-decree-91-306,41,7,seat,MECHROHA,المشروحة,
executive-decree-91-306,41,7,1,Mechroha,المشروحة,
executive-decree-91-306,41,7,2,Hannencha,الحنانشة,eye
executive-decree-91-306,41,8,seat,BIR BOUHOUCHE,بئر بوحوش,eye
executive-decree-91-306,41,8,1,Bir Bouhouche,بئر بوحوش,eye
executive-decree-91-306,41,8,2,Zouabi,الزوابي,
executive-decree-91-306,41,8,3,Safel Ouiden,سافل الويدان,eye
executive-decree-91-306,41,9,seat,OUM EL ADHAIM,أم العظايم,eye
executive-decree-91-306,41,9,1,Oum El Adhaim,أم العظايم,eye
executive-decree-91-306,41,9,2,Tarraguelt,ترقالت,eye
executive-decree-91-306,41,9,3,Oued Kebrit,وادي الكبريت,eye
executive-decree-91-306,41,10,seat,SOUK AHRAS,سوق أهراس,
executive-decree-91-306,41,10,1,Souk Ahras,سوق أهراس,
executive-decree-91-306,42,1,seat,CHERAGA,الشراقة,
executive-decree-91-306,42,1,1,Cheraga,الشراقة,eye
executive-decree-91-306,42,1,2,Ouled Fayet,اولاد فايت,eye
executive-decree-91-306,42,1,3,Aïn Benian,عين البنيان,eye
executive-decree-91-306,42,2,seat,ZERALDA,زرالدة,
executive-decree-91-306,42,2,1,Zeralda,زرالدة,eye
executive-decree-91-306,42,2,2,Staouéli,سطوالي,eye
executive-decree-91-306,42,2,3,Maalma,المعالمة,eye
executive-decree-91-306,42,3,seat,CHERCHELL,شرشال,
executive-decree-91-306,42,3,1,Cherchell,شرشال,
executive-decree-91-306,42,3,2,Sidi Ghilesse,سيدي غيلاس,eye
executive-decree-91-306,42,3,3,Hadjrat Nouss,حجرة النص,eye
executive-decree-91-306,42,3,4,Sidi Semiane,سيدي سميان,
executive-decree-91-306,42,4,seat,KOLEA,القليعة,
executive-decree-91-306,42,4,1,Koléa,القليعة,
executive-decree-91-306,42,4,2,Chaiba,الشعيبة,
executive-decree-91-306,42,4,3,Hattatba,حطاطبة,eye
executive-decree-91-306,42,5,seat,HADJOUT,حجوط,
executive-decree-91-306,42,5,1,Hadjout,حجوط,
executive-decree-91-306,42,5,2,Merad,مراد,eye
executive-decree-91-306,42,6,seat,DRARIA,درارية,
executive-decree-91-306,42,6,1,Draria,درارية,eye
executive-decree-91-306,42,6,2,S’haoula,السحاولة,eye
executive-decree-91-306,42,6,3,El Achour,العاشور,eye
executive-decree-91-306,42,6,4,Baba Hassen,بابا حسن,eye
executive-decree-91-306,42,7,seat,GOURAYA,ڤوراية,eye
executive-decree-91-306,42,7,1,Gouraya,ڤوراية,eye
executive-decree-91-306,42,7,2,Messelmoun,مسلمون,
executive-decree-91-306,42,7,3,Aghbal,اغبال,eye
executive-decree-91-306,42,8,seat,FOUKA,فوكة,
executive-decree-91-306,42,8,1,Fouka,فوكة,
executive-decree-91-306,42,8,2,Douaouda,دواودة,eye
executive-decree-91-306,42,9,seat,BOU ISMAIL,بواسماعيل,eye
executive-decree-91-306,42,9,1,Bou Ismaïl,بواسماعيل,eye
executive-decree-91-306,42,9,2,Aïn Tagourait,عين توقرايت,eye
executive-decree-91-306,42,9,3,Khemisti,خميستي,
executive-decree-91-306,42,9,4,Bouharoun,بوهارون,
executive-decree-91-306,42,10,seat,DAMOUS,الداموس,
executive-decree-91-306,42,10,1,Damous,الداموس,
executive-decree-91-306,42,10,2,Larhat,الارهاط,eye
executive-decree-91-306,42,10,3,Beni Meleuk,بني مليك,eye
executive-decree-91-306,42,11,seat,SIDI AMAR,سيدي عمرو,eye
executive-decree-91-306,42,11,1,Sidi Amar,سيدي عمرو,eye
executive-decree-91-306,42,11,2,Nador,الناظور,eye
executive-decree-91-306,42,11,3,Menaceur,مناصر,
executive-decree-91-306,42,12,seat,AHMAR EL AIN,أحمر العين,eye
executive-decree-91-306,42,12,1,Ahmar El Aïn,احمر العين,eye
executive-decree-91-306,42,12,2,Bourkika,بورقيقة,
executive-decree-91-306,42,12,3,Sidi Rached,سيدي راشد,
executive-decree-91-306,42,13,seat,DOUERA,الدويرة,
executive-decree-91-306,42,13,1,Douéra,الدويرة,eye
executive-decree-91-306,42,13,2,Rahmania,الرحمانية,
executive-decree-91-306,42,13,3,Souidania,السويدانية,
executive-decree-91-306,42,13,4,Khraissia,الخرايصية,eye
executive-decree-91-306,42,14,seat,TIPAZA,تيبازة,
executive-decree-91-306,42,14,1,Tipaza,تيبازة,eye
executive-decree-91-306,43,1,seat,CHELGHOUM LAID,شلغوم العيد,
executive-decree-91-306,43,1,1,Chelghoum Laïd,شلغوم العيد,eye
executive-decree-91-306,43,1,2,Oued Athmania,وادي العثمانية,
executive-decree-91-306,43,1,3,Aïn Mellouk,عين ملوك,eye
executive-decree-91-306,43,2,seat,GRAREM GOUGA,قرارم قوقة,eye
executive-decree-91-306,43,2,1,Grarem Gouga,قرارم قوقة,eye
executive-decree-91-306,43,2,2,Hamala,حمالة,
executive-decree-91-306,43,3,seat,SIDI MEROUANE,سيدي مروان,
executive-decree-91-306,43,3,1,Sidi Merouane,سيدي مروان,eye
executive-decree-91-306,43,3,2,Chigara,الشيقارة,
executive-decree-91-306,43,4,seat,OUED ENDJA,وادي النجاء,
executive-decree-91-306,43,4,1,Oued Endja,وادي النجاء,
executive-decree-91-306,43,4,2,Zeghaïa,الزغاية,eye
executive-decree-91-306,43,4,3,Ahmed Rachedi,احمد راشدي,eye
executive-decree-91-306,43,5,seat,FERDJIOUA,فرجيوة,eye
executive-decree-91-306,43,5,1,Ferdjioua,فرجيوة,eye
executive-decree-91-306,43,5,2,Yahia Beni Guecha,يحي بني قشة,eye
executive-decree-91-306,43,6,seat,TELEGHMA,تلاغمة,eye
executive-decree-91-306,43,6,1,Teleghma,تلاغمة,eye
executive-decree-91-306,43,6,2,Oued Seguen,وادي سقان,
executive-decree-91-306,43,6,3,El Mechira,المشيرة,
executive-decree-91-306,43,7,seat,TADJENANET,تاجنانت,
executive-decree-91-306,43,7,1,Tadjenanet,تاجنانت,
executive-decree-91-306,43,7,2,Benyahia Abderrahmane,بن يحي عبد الرحمن,eye
executive-decree-91-306,43,7,3,Ouled Khelouf,اولاد خلوف,eye
executive-decree-91-306,43,8,seat,TERRAI BAINEM,ترعي بينان,eye
executive-decree-91-306,43,8,1,Terrai Baïnem,ترعي بينان,eye
executive-decree-91-306,43,8,2,Amira Arres,عميرة عراس,eye
executive-decree-91-306,43,8,3,Tessala Lamtai,تسالة لمطاعي,eye
executive-decree-91-306,43,9,seat,ROUACHED,الرواشد,
executive-decree-91-306,43,9,1,Rouached,الرواشد,
executive-decree-91-306,43,9,2,Tiberguent,تيبرقنت,eye
executive-decree-91-306,43,10,seat,TASSADANE HADDADA,تسادان حدادة,eye
executive-decree-91-306,43,10,1,Tassadane Haddada,تسادان حدادة,eye
executive-decree-91-306,43,10,2,Minar Zarza,مينار زرزة,
executive-decree-91-306,43,11,seat,AIN BEIDA HARRICHE,عين البيضاء حريش,
executive-decree-91-306,43,11,1,Aïn Beida Harriche,عين البيضاء حريش,
executive-decree-91-306,43,11,2,El Ayadi Barbès,العيادي بربس,eye
executive-decree-91-306,43,12,seat,BOUHATEM,بوحاتم,eye
executive-decree-91-306,43,12,1,Bouhatem,بوحاتم,eye
executive-decree-91-306,43,12,2,Derradji Bousselah,دراجي بوسلاح,eye
executive-decree-91-306,43,13,seat,MILA,ميلة,
executive-decree-91-306,43,13,1,Mila,ميلة,
executive-decree-91-306,43,13,2,Sidi Khelifa,سيدي خليفة,eye
executive-decree-91-306,43,13,3,Ain Tine,عين التين,eye
executive-decree-91-306,44,1,seat,MILIANA,مليانة,
executive-decree-91-306,44,1,1,Miliana,مليانة,
executive-decree-91-306,44,1,2,Ben Allal,بن علال,eye
executive-decree-91-306,44,2,seat,DJENDEL,جندل,
executive-decree-91-306,44,2,1,Djendel,جندل,
executive-decree-91-306,44,2,2,Oued Chorfa,وادي الشرفاء,eye
executive-decree-91-306,44,2,3,Barbouche,بربوش,eye
executive-decree-91-306,44,3,seat,DJELIDA,جليدة,eye
executive-decree-91-306,44,3,1,Djelida,جليدة,eye
executive-decree-91-306,44,3,2,Bourached,بو راشد,eye
executive-decree-91-306,44,3,3,Djemaa Ouled Chikh,جماعة أولاد الشيخ,eye
executive-decree-91-306,44,4,seat,EL ATTAF,العطاف,
executive-decree-91-306,44,4,1,El Attaf,العطاف,
executive-decree-91-306,44,4,2,Tiberkanine,تبركانين,eye
executive-decree-91-306,44,5,seat,KHEMIS,الخميس,eye
executive-decree-91-306,44,5,1,Khemis,الخميس,eye
executive-decree-91-306,44,5,2,Sidi Lakhdar,سيدي الأخضر,
executive-decree-91-306,44,6,seat,HAMMAM RIGHA,حمام ريغة,
executive-decree-91-306,44,6,1,Hammam Righa,حمام ريغة,eye
executive-decree-91-306,44,6,2,Aïn Torki,عين التركي,eye
executive-decree-91-306,44,6,3,Aïn Benian,عين البنيان,eye
executive-decree-91-306,44,7,seat,BOUMEDFAA,بومدفع,
executive-decree-91-306,44,7,1,Boumedfaa,بومدفع,
executive-decree-91-306,44,7,2,El Hoceinia,الحسينية,eye
executive-decree-91-306,44,8,seat,AIN LECHIAKH,عين الأشياخ,eye
executive-decree-91-306,44,8,1,Aïn Lechiakh,عين الأشياخ,eye
executive-decree-91-306,44,8,2,Oued Djemaa,وادي الجمعة,eye
executive-decree-91-306,44,8,3,Aïn Soltane,عين السلطان,eye
executive-decree-91-306,44,9,seat,BORDJ EL EMIR KHALED,برج الامير خالد,eye
executive-decree-91-306,44,9,1,Bordj El Emir Khaled,برج الامير خالد,eye
executive-decree-91-306,44,9,2,Tarik Ibn Ziad,طارق بن زياد,eye
executive-decree-91-306,44,9,3,Bir Ould Khlifa,بئر ولد خليفة,eye
executive-decree-91-306,44,10,seat,BATHIA,بطحية,
executive-decree-91-306,44,10,1,Bathia,بطحية,eye
executive-decree-91-306,44,10,2,El Hassania,الحسانية,eye
executive-decree-91-306,44,10,3,Belaas,بالعاص,eye
executive-decree-91-306,44,11,seat,ROUINA,روينة,eye
executive-decree-91-306,44,11,1,Rouina,روينة,eye
executive-decree-91-306,44,11,2,Zeddine,زدين,eye
executive-decree-91-306,44,11,3,El Maine,الماين,
executive-decree-91-306,44,12,seat,EL ABADIA,العبادية,eye
executive-decree-91-306,44,12,1,El Abadia,العبادية,eye
executive-decree-91-306,44,12,2,Aïn Bouyahia,عين بويحي,eye
executive-decree-91-306,44,12,3,Tachta Zouggagha,تاشتة زقاغة,eye
executive-decree-91-306,44,13,seat,EL AMRA,العامرة,
executive-decree-91-306,44,13,1,El Amra,العامرة,eye
executive-decree-91-306,44,13,2,Mekhatria,المخاطرية,
executive-decree-91-306,44,13,3,Arib,عريب,eye
executive-decree-91-306,44,14,seat,AIN DEFLA,عين الدفلى,eye
executive-decree-91-306,44,14,1,Aïn Defla,عين الدفلى,eye
executive-decree-91-306,45,1,seat,MECHERIA,مشرية,eye
executive-decree-91-306,45,1,1,Mecheria,مشرية,eye
executive-decree-91-306,45,1,2,Aïn Ben Khelil,عين بن خليل,eye
executive-decree-91-306,45,1,3,El Biodh,البيوض,eye
executive-decree-91-306,45,2,seat,AIN SEFRA,عين الصفراء,
executive-decree-91-306,45,2,1,Aïn Sefra,عين الصفراء,eye
executive-decree-91-306,45,2,2,Tiout,تيوت,
executive-decree-91-306,45,3,seat,MEKMEN BEN AMAR,مكمن بن عمر,eye
executive-decree-91-306,45,3,1,Mekmen Ben Amar,مكمن بن عمر,eye
executive-decree-91-306,45,3,2,Kasdir,قصدير,eye
executive-decree-91-306,45,4,seat,MOGHRAR,مغرار,
executive-decree-91-306,45,4,1,Moghrar,مغرار,
executive-decree-91-306,45,4,2,Djeniene Bourezg,حنين بورزق,eye
executive-decree-91-306,45,5,seat,ASLA,عسلة,eye
executive-decree-91-306,45,5,1,Asla,عسلة,eye
executive-decree-91-306,45,6,seat,SFISSIFA,سفيسيفة,eye
executive-decree-91-306,45,6,1,Sfissifa,سفيسيفة,eye
executive-decree-91-306,45,7,seat,NAAMA,النعامة,
executive-decree-91-306,45,7,1,Naama,النعامة,eye
executive-decree-91-306,46,1,seat,EL MALAH,المالح,
executive-decree-91-306,46,1,1,El Maleh,المالح,eye
executive-decree-91-306,46,1,2,Terga,تارقة,
executive-decree-91-306,46,1,3,Chaabat El Ham,شعبة اللحم,eye
executive-decree-91-306,46,1,4,Oued Kihel,وادي كيحل,eye
executive-decree-91-306,46,2,seat,HAMMAM BOUHADJAR,حمام بوحجر,eye
executive-decree-91-306,46,2,1,Hammam Bouhadjar,حمام بوحجر,eye
executive-decree-91-306,46,2,2,El Hassasna,الحساسنة,
executive-decree-91-306,46,2,3,Oued Barkach,وادي برقش,eye
executive-decree-91-306,46,2,4,Chentouf,شنتوف,
executive-decree-91-306,46,3,seat,BENI SAF,بني صاف,
executive-decree-91-306,46,3,1,Beni Saf,بني صاف,eye
executive-decree-91-306,46,3,2,Sidi Safi,سيدي الصافي,
executive-decree-91-306,46,3,3,Emir Abdelkader,الامير عبد القادر,eye
executive-decree-91-306,46,4,seat,AIN KIHEL,عين الكحيل,eye
executive-decree-91-306,46,4,1,Aïn Kihel,عين الكيحل,eye
executive-decree-91-306,46,4,2,Aghlel,أغلال,eye
executive-decree-91-306,46,4,3,Aoubelil,عقب الليل,eye
executive-decree-91-306,46,4,4,Aïn Tolba,عين الطلبة,eye
executive-decree-91-306,46,5,seat,EL AMRIA,العامرية,
executive-decree-91-306,46,5,1,El Amria,العامرية,eye
executive-decree-91-306,46,5,2,Hassi El Ghella,حاسي الغلة,
executive-decree-91-306,46,5,3,Bouzedjar,بوزجار,
executive-decree-91-306,46,5,4,El M’Saïd,المساعيد,eye
executive-decree-91-306,46,5,5,Ouled Boudjemaa,أولاد بوجمعة,eye
executive-decree-91-306,46,6,seat,AIN LARBAA,عين الاربعاء,eye
executive-decree-91-306,46,6,1,Aïn Larbaa,عين الاربعاء,eye
executive-decree-91-306,46,6,2,Oued Sebah,وادي الصباح,eye
executive-decree-91-306,46,6,3,Sidi Boumediene,سيدي بومدين,eye
executive-decree-91-306,46,6,4,Tamzoura,تامزورة,eye
executive-decree-91-306,46,7,seat,OULHASSA GHERABA,ولهاصة الغرابة,eye
executive-decree-91-306,46,7,1,Oulhassa Gheraba,ولهاصة الغرابة,eye
executive-decree-91-306,46,7,2,Sidi Ouriach,سيدي أورياش,eye
executive-decree-91-306,46,8,seat,AIN TEMOUCHENT,عين تموشنت,eye
executive-decree-91-306,46,8,1,Aïn Témouchent,عين تموشنت,
executive-decree-91-306,46,8,2,Sidi Ben Adda,سيدي بن عدة,
executive-decree-91-306,47,1,seat,METLILI,متليلي,eye
executive-decree-91-306,47,1,1,Metlili,متليلي,eye
executive-decree-91-306,47,1,2,Sebseb,سبسب,
executive-decree-91-306,47,2,seat,EL MENIA,المنيعة,
executive-decree-91-306,47,2,1,El Menia,المنيعة,
executive-decree-91-306,47,2,2,Hassi Gara,حاسي القارة,
executive-decree-91-306,47,3,seat,BERRIANE,بريان,
executive-decree-91-306,47,3,1,Berriane,بريان,
executive-decree-91-306,47,4,seat,EL GUERARA,القرارة,eye
executive-decree-91-306,47,4,1,El Guerara,القرارة,eye
executive-decree-91-306,47,5,seat,ZELFANA,زلفانة,
executive-decree-91-306,47,5,1,Zelfana,زلفانة,
executive-decree-91-306,47,6,seat,MANSOURAH,المنصورة,
executive-decree-91-306,47,6,1,Mansourah,المنصورة,eye
executive-decree-91-306,47,6,2,Hassi El Fehal,حاسي الفحل,eye
executive-decree-91-306,47,7,seat,BOUNOURA,بونورة,eye
executive-decree-91-306,47,7,1,Bounoura,بونورة,eye
executive-decree-91-306,47,7,2,El Atteuf,العطف,
executive-decree-91-306,47,8,seat,DHAYAT BEN DHAHOUA,ضاية بن ضحوة,eye
executive-decree-91-306,47,8,1,Dhayat Ben Dhahoua,ضاية بن ضحوة,eye
executive-decree-91-306,47,9,seat,GHARDAIA,غرداية,eye
executive-decree-91-306,47,9,1,Ghardaia,غرداية,eye
executive-decree-91-306,48,1,seat,AMMI MOUSSA,عين موسى,eye
executive-decree-91-306,48,1,1,Ammi Moussa,عمي موسى,
executive-decree-91-306,48,1,2,El Ouldja,الولجة,eye
executive-decree-91-306,48,1,3,Ouled Aïch,أولاد يعيش,eye
executive-decree-91-306,48,1,4,El Hassi,الحاسي,
executive-decree-91-306,48,2,seat,ZEMMOURA,زمورة,eye
executive-decree-91-306,48,2,1,Zemmoura,زمورة,eye
executive-decree-91-306,48,2,2,Beni Dergoune,بني درقون,eye
executive-decree-91-306,48,2,3,Dar Ben Abdellah,دار بن عبدالله,eye
executive-decree-91-306,48,3,seat,EL MATMAR,المطمر,eye
executive-decree-91-306,48,3,1,El Matmar,المطمر,eye
executive-decree-91-306,48,3,2,Belaassel Bouzegza,بلعسل بوزقزة,eye
executive-decree-91-306,48,3,3,Sidi Khetab,سيدي خطاب,eye
executive-decree-91-306,48,3,4,Sidi M’Hamed Ben Aouda,سيدي امحمد بن عودة,eye
executive-decree-91-306,48,4,seat,OUED RHIOU,وادي رهيو,
executive-decree-91-306,48,4,1,Oued Rhiou,وادي رهيو,
executive-decree-91-306,48,4,2,Merdja Sidi Abed,مرجة سيدي عابد,eye
executive-decree-91-306,48,4,3,Ouarizène,ورزان,eye
executive-decree-91-306,48,4,4,Lahlef,الاحلاف,eye
executive-decree-91-306,48,5,seat,MAZOUNA,مازونة,
executive-decree-91-306,48,5,1,Mazouna,مازونة,
executive-decree-91-306,48,5,2,El Guettar,القطار,
executive-decree-91-306,48,6,seat,MENDES,منداس,
executive-decree-91-306,48,6,1,Mendes,منداس,
executive-decree-91-306,48,6,2,Oued Essalem,وادي السلام,eye
executive-decree-91-306,48,6,3,Sidi Lazreg,سيدي لزرق,eye
executive-decree-91-306,48,7,seat,YELLEL,يلل,
executive-decree-91-306,48,7,1,Yellel,يلل,
executive-decree-91-306,48,7,2,Sidi Saada,سيدي سعادة,eye
executive-decree-91-306,48,7,3,Aïn Rahma,عين الرحمة,eye
executive-decree-91-306,48,7,4,Kalaa,القلعة,eye
executive-decree-91-306,48,8,seat,EL H’MADNA,الحمادنة,eye
executive-decree-91-306,48,8,1,El H’Madna,الحمادنة,eye
executive-decree-91-306,48,8,2,Oued Djemaa,وادي الجمعة,
executive-decree-91-306,48,9,seat,AIN TAREK,عين طارق,
executive-decree-91-306,48,9,1,Aïn Tarek,عين طارق,
executive-decree-91-306,48,9,2,Had Echkala,حد الشكالة,eye
executive-decree-91-306,48,10,seat,RAMKA,الرمكة,
executive-decree-91-306,48,10,1,Ramka,الرمكة,
executive-decree-91-306,48,10,2,Souk El Had,سوق الاحد,eye
executive-decree-91-306,48,11,seat,DJIDIOUIA,جديوية,eye
executive-decree-91-306,48,11,1,Djidiouia,جديوية,eye
executive-decree-91-306,48,11,2,Ouled Sidi Mihoub,اولاد سيدي ميهوب,eye
executive-decree-91-306,48,11,3,El Hamri,الحمري,eye
executive-decree-91-306,48,12,seat,SIDI M’HAMED BEN ALI,سيدي محمد بن علي,eye
executive-decree-91-306,48,12,1,Sidi M’Hamed Ben Ali,سيدي محمد بن علي,eye
executive-decree-91-306,48,12,2,Mediouna,مديونة,eye
executive-decree-91-306,48,12,3,Beni Zentis,بني زنتيس,eye
executive-decree-91-306,48,13,seat,RELIZANE,غليزان,
executive-decree-91-306,48,13,1,Relizane,غليزان,
executive-decree-91-306,48,13,2,Bendaoud,بن داود,eye
