code,wilaya,daira,name_fr,name_ar,name_fr_by,name_ar_by,listed_by,listed_article,listed_item,wilaya_before
0101,01,0101,Adrar,أدرار,executive-decree-21-198,executive-decree-21-198,executive-decree-21-198,01,1/1,
0102,01,0115,Tamast,تاماست,executive-decree-21-198,executive-decree-21-198,executive-decree-21-198,01,2/2,
0104,01,0104,Reggane,رقان,executive-decree-21-198,executive-decree-21-198,executive-decree-21-198,01,3/1,
0105,01,0111,In Zghmir,إن زغمير,executive-decree-21-198,executive-decree-21-198,executive-decree-21-198,01,6/2,
0106,01,0112,Tit,تيت,executive-decree-21-198,executive-decree-21-198,executive-decree-21-198,01,4/3,
0108,01,0108,Tsabit,تسابيت,executive-decree-21-198,executive-decree-21-198,executive-decree-21-198,01,5/1,
0111,01,0111,Zaouiet Kounta,زاوية كنتة,executive-decree-21-198,executive-decree-21-198,executive-decree-21-198,01,6/1,
0112,01,0112,Aoulef,أولف,executive-decree-21-198,executive-decree-21-198,executive-decree-21-198,01,4/1,
0113,01,0112,Timekten,تيمقتن,executive-decree-21-198,executive-decree-21-198,executive-decree-21-198,01,4/2,
0114,01,0115,Tamantit,تامنطيت,executive-decree-21-198,executive-decree-21-198,executive-decree-21-198,01,2/3,
0115,01,0115,Fenoghil,فنوغيل,executive-decree-21-198,executive-decree-21-198,executive-decree-21-198,01,2/1,
0118,01,0104,Sali,سالي,executive-decree-21-198,executive-decree-21-198,executive-decree-21-198,01,3/2,
0119,01,0112,Akabli,أقبلي,executive-decree-21-198,executive-decree-21-198,executive-decree-21-198,01,4/4,
0121,01,0101,Ouled Ahmed Timmi,أولاد أحمد تيمي,executive-decree-21-198,executive-decree-21-198,executive-decree-21-198,01,1/3,
0122,01,0101,Bouda,بودة,executive-decree-21-198,executive-decree-21-198,executive-decree-21-198,01,1/2,
0126,01,0108,Sebaâ,السبع,executive-decree-21-198,executive-decree-21-198,executive-decree-21-198,01,5/2,
0201,02,0201,Chlef,الشلف,executive-decree-91-306,executive-decree-91-306,executive-decree-91-306,02,13/1,
0202,02,0202,Ténès,تنس,executive-decree-92-66,executive-decree-92-66,executive-decree-92-66,02,2/1,
0203,02,0220,Benaria,بنارية,executive-decree-91-306,executive-decree-91-306,executive-decree-91-306,02,10/2,
0204,02,0204,El Karimia,الكريمية,executive-decree-91-306,executive-decree-91-306,executive-decree-91-306,02,7/1,
0205,02,0222,Tadjena,تاجنة,executive-decree-91-306,executive-decree-91-306,executive-decree-91-306,02,9/2,
0206,02,0206,Taougrite,تاوقريت,executive-decree-91-306,executive-decree-91-306,executive-decree-91-306,02,12/1,
0207,02,0207,Béni Haoua,بني حواء,executive-decree-91-306,executive-decree-91-306,executive-decree-91-306,02,5/1,
0208,02,0212,Sobha,صبحة,executive-decree-91-306,executive-decree-91-306,executive-decree-91-306,02,1/2,
0209,02,0204,Harchoune,حرشون,executive-decree-91-306,executive-decree-91-306,executive-decree-91-306,02,7/2,
0210,02,0210,Ouled Farès,أولاد فارس,executive-decree-91-306,executive-decree-91-306,executive-decree-91-306,02,3/1,
0211,02,0202,Sidi Akacha,سيدي عكاشة,executive-decree-92-66,executive-decree-92-66,executive-decree-92-66,02,2/2,
0212,02,0212,Boukadir,بوقادير,executive-decree-91-306,executive-decree-91-306,executive-decree-91-306,02,1/1,
0213,02,0229,Béni Rached,بني راشد,executive-decree-91-306,executive-decree-91-306,executive-decree-91-306,02,4/3,
0214,02,0222,Talassa,تلعصة,executive-decree-91-306,executive-decree-91-306,executive-decree-91-306,02,9/3,
0215,02,0232,Harenfa,الهرنفة,executive-decree-91-306,executive-decree-91-306,executive-decree-91-306,02,6/2,
0216,02,0207,Oued Goussine,وادي قوسين,executive-decree-91-306,executive-decree-91-306,executive-decree-91-306,02,5/2,
0217,02,0206,Dahra,الظهرة,executive-decree-91-306,executive-decree-91-306,executive-decree-91-306,02,12/2,
0218,02,0229,Ouled Abbas,أولاد عباس,executive-decree-91-306,executive-decree-91-306,executive-decree-91-306,02,4/2,
0219,02,0201,Sendjas,السنجاس,executive-decree-91-306,executive-decree-91-306,executive-decree-91-306,02,13/3,
0220,02,0220,Zeboudja,الزبوجة,executive-decree-91-306,executive-decree-91-306,executive-decree-91-306,02,10/1,
0221,02,0212,Oued Sly,وادي سلي,executive-decree-91-306,executive-decree-91-306,executive-decree-91-306,02,1/3,
0222,02,0222,Abou El Hassan,أبو الحسن,executive-decree-91-306,executive-decree-91-306,executive-decree-91-306,02,9/1,
0223,02,0223,El Marsa,المرسى,executive-decree-92-66,executive-decree-92-66,executive-decree-92-66,02,1/1,
0224,02,0210,Chettia,الشطية,executive-decree-91-306,executive-decree-91-306,executive-decree-91-306,02,3/2,
0225,02,0202,Sidi Abderrahmane,سيدي عبد الرحمن,executive-decree-92-66,executive-decree-92-66,executive-decree-92-66,02,2/3,
0226,02,0223,Mossedek,مصدق,executive-decree-92-66,executive-decree-92-66,executive-decree-92-66,02,1/2,
0227,02,0230,El Hadjadj,الحجاج,executive-decree-91-306,executive-decree-91-306,executive-decree-91-306,02,8/2,
0228,02,0210,Labiodh Medjadja,الأبيض مجاجة,executive-decree-91-306,executive-decree-91-306,executive-decree-91-306,02,3/3,
0229,02,0229,Oued Fodda,وادي الفضة,executive-decree-91-306,executive-decree-91-306,executive-decree-91-306,02,4/1,
0230,02,0230,Ouled Ben Abdelkader,أولاد بن عبد القادر,executive-decree-91-306,executive-decree-91-306,executive-decree-91-306,02,8/1,
0231,02,0220,Bouzeghaïa,بوزغاية,executive-decree-91-306,executive-decree-91-306,executive-decree-91-306,02,10/3,
0232,02,0232,Ain Merane,عين مران,executive-decree-91-306,executive-decree-91-306,executive-decree-91-306,02,6/1,
0233,02,0201,Oum Drou,أم الدروع,executive-decree-91-306,executive-decree-91-306,executive-decree-91-306,02,13/2,
0234,02,0207,Breira,بريرة,executive-decree-91-306,executive-decree-91-306,executive-decree-91-306,02,5/3,
0235,02,0204,Béni Bouatteb,بني بوعتاب,executive-decree-91-306,executive-decree-91-306,executive-decree-91-306,02,7/3,
0301,03,0301,Laghouat,الأغواط,executive-decree-26-253,executive-decree-26-253,executive-decree-26-253,03,1/1,
0302,03,0302,Ksar El Hirane,قصر الحيران,executive-decree-26-253,executive-decree-26-253,executive-decree-26-253,03,2/1,
0303,03,0302,Benacer Benchohra,بن ناصر بن شهرة,executive-decree-26-253,executive-decree-26-253,executive-decree-26-253,03,2/2,
0304,03,0304,Sidi Makhlouf,سيدي مخلوف,executive-decree-26-253,executive-decree-26-253,executive-decree-26-253,03,5/1,
0305,03,0306,Hassi Delaa,حاسي الدلاعة,executive-decree-26-253,executive-decree-26-253,executive-decree-26-253,03,4/2,
0306,03,0306,Hassi R'Mel,حاسي الرمل,executive-decree-26-253,executive-decree-26-253,executive-decree-26-253,03,4/1,
0307,03,0307,Aïn Madhi,عين ماضي,executive-decree-26-253,executive-decree-26-253,executive-decree-26-253,03,3/1,
0308,03,0307,Tadjemout,تاجموت,executive-decree-26-253,executive-decree-26-253,executive-decree-26-253,03,3/4,
0309,03,0307,Kheneg,الخنق,executive-decree-26-253,executive-decree-26-253,executive-decree-26-253,03,3/2,
0310,59,0310,Gueltat Sidi Saad,قلتة سيدي سعد,executive-decree-26-253,executive-decree-26-253,executive-decree-26-253,59,3/1,03
0311,59,0310,Aïn Sidi Ali,عين سيدي علي,executive-decree-26-253,executive-decree-26-253,executive-decree-26-253,59,3/2,03
0312,59,0310,El Beïdha,البيضاء,executive-decree-26-253,executive-decree-26-253,executive-decree-26-253,59,3/3,03
0313,59,0313,Brida,بريدة,executive-decree-26-253,executive-decree-26-253,executive-decree-26-253,59,2/1,03
0314,59,0314,El Ghicha,الغيشة,executive-decree-26-253,executive-decree-26-253,executive-decree-26-253,59,5/1,03
0315,59,0313,Hadj Mechri,الحاج المشري,executive-decree-26-253,executive-decree-26-253,executive-decree-26-253,59,2/2,03
0316,59,0319,Sebgag,سبقاق,executive-decree-26-253,executive-decree-26-253,executive-decree-26-253,59,1/2,03
0317,59,0313,Taouiala,تاويالة,executive-decree-26-253,executive-decree-26-253,executive-decree-26-253,59,2/3,03
0318,03,0307,Tadjrouna,تاجرونة,executive-decree-26-253,executive-decree-26-253,executive-decree-26-253,03,3/5,
0319,59,0319,Aflou,أفلو,executive-decree-26-253,executive-decree-26-253,executive-decree-26-253,59,1/1,03
0320,03,0304,El Assafia,العسافية,executive-decree-26-253,executive-decree-26-253,executive-decree-26-253,03,5/2,
0321,59,0321,Oued Morra,وادي مرة,executive-decree-26-253,executive-decree-26-253,executive-decree-26-253,59,4/1,03
0322,59,0321,Oued M’Zi,وادي مزي,executive-decree-26-253,executive-decree-26-253,executive-decree-26-253,59,4/2,03
0323,03,0307,El Haouita,الحويطة,executive-decree-26-253,executive-decree-26-253,executive-decree-26-253,03,3/3,
0324,59,0319,Sidi Bouzid,سيدي بوزيد,executive-decree-26-253,executive-decree-26-253,executive-decree-26-253,59,1/3,03
0401,04,0401,Oum El Bouaghi,أم البواقي,executive-decree-91-306,executive-decree-91-306,executive-decree-91-306,04,11/1,
0402,04,0402,Aïn Beida,عين البيضاء,executive-decree-91-306,executive-decree-91-306,executive-decree-91-306,04,2/1,
0403,04,0403,Aïn M’Lila,عين مليلة,executive-decree-91-306,executive-decree-91-306,executive-decree-91-306,04,3/1,
0404,04,0424,Behir Chergui,بحير الشرقى,executive-decree-91-306,executive-decree-91-306,executive-decree-91-306,04,4/2,
0405,04,0406,El Amiria,العامرية,executive-decree-92-66,executive-decree-92-66,executive-decree-92-66,04,1/2,
0406,04,0406,Sigus,سيقوس,executive-decree-92-66,executive-decree-92-66,executive-decree-92-66,04,1/1,
0407,04,0424,El Bellala,البلالة,executive-decree-91-306,executive-decree-91-306,executive-decree-91-306,04,4/3,
0408,04,0408,Aïn Babouche,عين بابوش,executive-decree-91-306,executive-decree-91-306,executive-decree-91-306,04,1/1,
0409,04,0402,Berriche,بريش,executive-decree-91-306,executive-decree-91-306,executive-decree-91-306,04,2/3,
0410,04,0403,Ouled Hamla,أولاد حملة,executive-decree-91-306,executive-decree-91-306,executive-decree-91-306,04,3/2,
0411,04,0411,Dhalaa,الضلعة,executive-decree-91-306,executive-decree-91-306,executive-decree-91-306,04,9/1,
0412,04,0412,Aïn Kercha,عين كرشة,executive-decree-92-66,executive-decree-92-66,executive-decree-92-66,04,3/1,
0413,04,0412,Henchir Toumghani,هنشير تومغاني,executive-decree-92-66,executive-decree-92-66,executive-decree-92-66,04,3/2,
0414,04,0411,Djazia,الجازية,executive-decree-91-306,executive-decree-91-306,executive-decree-91-306,04,9/2,
0415,04,0408,Aïn Diss,عين الديس,executive-decree-91-306,executive-decree-91-306,executive-decree-91-306,04,1/2,
0416,04,0416,F’Kirina,فكيرينة,executive-decree-91-306,executive-decree-91-306,executive-decree-91-306,04,8/1,
0417,04,0417,Souk Naamane,سوق نعمان,executive-decree-91-306,executive-decree-91-306,executive-decree-91-306,04,6/1,
0418,04,0402,Zorg,الزرق,executive-decree-91-306,executive-decree-91-306,executive-decree-91-306,04,2/2,
0419,04,0425,"El Fedjoudj, Boughrara, Saoudi",الفجوج، بوغرارة، سعودي,executive-decree-92-66,executive-decree-92-66,executive-decree-92-66,04,2/2,
0420,04,0417,Ouled Zoui,أولاد الزوي,executive-decree-91-306,executive-decree-91-306,executive-decree-91-306,04,6/3,
0421,04,0417,Bir Chouhada,بئر الشهداء,executive-decree-91-306,executive-decree-91-306,executive-decree-91-306,04,6/2,
0422,04,0422,Ksar Sbahi,قصر الصباحي,executive-decree-91-306,executive-decree-91-306,executive-decree-91-306,04,10/1,
0423,04,0416,Oued Nini,وادي نيني,executive-decree-91-306,executive-decree-91-306,executive-decree-91-306,04,8/2,
0424,04,0424,Meskiana,مسكيانة,executive-decree-91-306,executive-decree-91-306,executive-decree-91-306,04,4/1,
0425,04,0425,Aïn Fekroun,عين الفكرون,executive-decree-92-66,executive-decree-92-66,executive-decree-92-66,04,2/1,
0426,04,0424,Rahia,الراحية,executive-decree-91-306,executive-decree-91-306,executive-decree-91-306,04,4/4,
0427,04,0401,Aïn Zitoun,عين الزيتون,executive-decree-91-306,executive-decree-91-306,executive-decree-91-306,04,11/2,
0428,04,0403,Ouled Gacem,أولاد قاسم,executive-decree-91-306,executive-decree-91-306,executive-decree-91-306,04,3/3,
0429,04,0412,El Harmilia,الحرملية,executive-decree-92-66,executive-decree-92-66,executive-decree-92-66,04,3/3,
0501,05,0501,Batna,باتنة,executive-decree-26-253,executive-decree-26-253,executive-decree-26-253,05,1/1,
0502,05,0544,Ghassira,غسيرة,executive-decree-26-253,executive-decree-26-253,executive-decree-26-253,05,14/2,
0503,05,0545,Maafa,معافة,executive-decree-26-253,executive-decree-26-253,executive-decree-26-253,05,3/3,
0504,05,0504,Merouana,مروانة,executive-decree-26-253,executive-decree-26-253,executive-decree-26-253,05,4/1,
0505,05,0505,Seriana,سريانة,executive-decree-26-253,executive-decree-26-253,executive-decree-26-253,05,6/1,
0506,05,0506,Menaa,منعة,executive-decree-26-253,executive-decree-26-253,executive-decree-26-253,05,16/1,
0507,05,0507,Elmadher,المعذر,executive-decree-26-253,executive-decree-26-253,executive-decree-26-253,05,7/1,
0508,05,0508,Tazoult,تازولت,executive-decree-26-253,executive-decree-26-253,executive-decree-26-253,05,8/1,
0509,05,0509,N’Gaous,نقاوس,executive-decree-26-253,executive-decree-26-253,executive-decree-26-253,05,5/1,
0510,05,0551,Guigba,القيقبة,executive-decree-26-253,executive-decree-26-253,executive-decree-26-253,05,2/3,
0511,05,0530,Inoughissene,إينوغيسن,executive-decree-26-253,executive-decree-26-253,executive-decree-26-253,05,17/3,
0512,05,0508,Ouyoun El Assafir,عيون العصافير,executive-decree-26-253,executive-decree-26-253,executive-decree-26-253,05,8/2,
0513,05,0507,Djerma,جرمة,executive-decree-26-253,executive-decree-26-253,executive-decree-26-253,05,7/4,
0514,60,0542,Bitam,بيطام,executive-decree-26-253,executive-decree-26-253,executive-decree-26-253,60,1/2,05
0515,60,0543,Abdelkader Azil,عبد القادر عزيل,executive-decree-26-253,executive-decree-26-253,executive-decree-26-253,60,2/2,05
0516,05,0516,Arris,آريس,executive-decree-26-253,executive-decree-26-253,executive-decree-26-253,05,10/1,
0517,05,0544,Kimmel,كيمل,executive-decree-26-253,executive-decree-26-253,executive-decree-26-253,05,14/3,
0518,60,0529,Tilatou,تيلاطو,executive-decree-26-253,executive-decree-26-253,executive-decree-26-253,60,3/2,05
0519,05,0519,Aïn Djasser,عين جاسر,executive-decree-26-253,executive-decree-26-253,executive-decree-26-253,05,13/1,
0520,05,0551,Ouled Sellem,أولاد سلام,executive-decree-26-253,executive-decree-26-253,executive-decree-26-253,05,2/4,
0521,05,0506,Tigherghar,تيغرغار,executive-decree-26-253,executive-decree-26-253,executive-decree-26-253,05,16/2,
0522,05,0507,Aïn Yagout,عين ياقوت,executive-decree-26-253,executive-decree-26-253,executive-decree-26-253,05,7/3,
0523,05,0501,Fesdis,فسديس,executive-decree-26-253,executive-decree-26-253,executive-decree-26-253,05,1/3,
0524,05,0509,Sefiane,سفيان,executive-decree-26-253,executive-decree-26-253,executive-decree-26-253,05,5/3,
0525,05,0551,Rahbat,الرحبات,executive-decree-26-253,executive-decree-26-253,executive-decree-26-253,05,2/5,
0526,05,0516,Tighanimine,تيغانمين,executive-decree-26-253,executive-decree-26-253,executive-decree-26-253,05,10/2,
0527,05,0553,Lemsane,لمسان,executive-decree-26-253,executive-decree-26-253,executive-decree-26-253,05,18/2,
0528,05,0504,Ksar Belezma,قصر بلزمة,executive-decree-26-253,executive-decree-26-253,executive-decree-26-253,05,4/3,
0529,60,0529,Seggana,سقانة,executive-decree-26-253,executive-decree-26-253,executive-decree-26-253,60,3/1,05
0530,05,0530,Ichmoul,إيشمول,executive-decree-26-253,executive-decree-26-253,executive-decree-26-253,05,17/1,
0531,05,0530,Foum Toub,فم الطوب,executive-decree-26-253,executive-decree-26-253,executive-decree-26-253,05,17/2,
0532,05,0545,Béni Fédhala El Hakania,بني فضالة الحقانية,executive-decree-26-253,executive-decree-26-253,executive-decree-26-253,05,3/4,
0533,05,0504,Oued El Ma,وادي الماء,executive-decree-26-253,executive-decree-26-253,executive-decree-26-253,05,4/4,
0534,05,0551,Talkhamt,تالخمت,executive-decree-26-253,executive-decree-26-253,executive-decree-26-253,05,2/6,
0535,05,0535,Bouzina,بوزينة,executive-decree-26-253,executive-decree-26-253,executive-decree-26-253,05,15/1,
0536,05,0536,Chemora,الشمرة,executive-decree-26-253,executive-decree-26-253,executive-decree-26-253,05,12/1,
0537,05,0501,Oued Chaaba,وادي الشعبة,executive-decree-26-253,executive-decree-26-253,executive-decree-26-253,05,1/2,
0538,05,0553,Taxlent,تاكسلانت,executive-decree-26-253,executive-decree-26-253,executive-decree-26-253,05,18/3,
0539,05,0551,Gosbat,القصبات,executive-decree-26-253,executive-decree-26-253,executive-decree-26-253,05,2/2,
0540,05,0545,Ouled Aouf,أولاد عوف,executive-decree-26-253,executive-decree-26-253,executive-decree-26-253,05,3/2,
0541,05,0509,Boumagueur,بومقر,executive-decree-26-253,executive-decree-26-253,executive-decree-26-253,05,5/2,
0542,60,0542,Barika,بريكة,executive-decree-26-253,executive-decree-26-253,executive-decree-26-253,60,1/1,05
0543,60,0543,Djezzar,الجزار,executive-decree-26-253,executive-decree-26-253,executive-decree-26-253,60,2/1,05
0544,05,0544,T’Kout,تكوت,executive-decree-26-253,executive-decree-26-253,executive-decree-26-253,05,14/1,
0545,05,0545,Aïn Touta,عين التوتة,executive-decree-26-253,executive-decree-26-253,executive-decree-26-253,05,3/1,
0546,05,0504,Hidoussa,حيدوسة,executive-decree-26-253,executive-decree-26-253,executive-decree-26-253,05,4/2,
0547,05,0547,Teniet El Abed,ثنية العابد,executive-decree-26-253,executive-decree-26-253,executive-decree-26-253,05,9/1,
0548,05,0547,Oued Taga,وادي الطاقة,executive-decree-26-253,executive-decree-26-253,executive-decree-26-253,05,9/3,
0549,05,0550,Ouled Fadel,أولاد فاضل,executive-decree-26-253,executive-decree-26-253,executive-decree-26-253,05,11/2,
0550,05,0550,Timgad,تيمقاد,executive-decree-26-253,executive-decree-26-253,executive-decree-26-253,05,11/1,
0551,05,0551,Ras El Aïoun,رأس العيون,executive-decree-26-253,executive-decree-26-253,executive-decree-26-253,05,2/1,
0552,05,0547,Chir,شير,executive-decree-26-253,executive-decree-26-253,executive-decree-26-253,05,9/2,
0553,05,0553,Ouled Si Slimane,أولاد سي سليمان,executive-decree-26-253,executive-decree-26-253,executive-decree-26-253,05,18/1,
0554,05,0505,Zana El Beïda,زانة البيضاء,executive-decree-26-253,executive-decree-26-253,executive-decree-26-253,05,6/3,
0555,60,0542,M’Doukal,امدوكال,executive-decree-26-253,executive-decree-26-253,executive-decree-26-253,60,1/3,05
0556,60,0543,Ouled Ammar,أولاد عمار,executive-decree-26-253,executive-decree-26-253,executive-decree-26-253,60,2/3,05
0557,05,0519,El Hassi,الحاسي,executive-decree-26-253,executive-decree-26-253,executive-decree-26-253,05,13/2,
0558,05,0505,Lazrou,لازرو,executive-decree-26-253,executive-decree-26-253,executive-decree-26-253,05,6/2,
0559,05,0507,Boumia,بومية,executive-decree-26-253,executive-decree-26-253,executive-decree-26-253,05,7/2,
0560,05,0536,Boulhilat,بولهيلات,executive-decree-26-253,executive-decree-26-253,executive-decree-26-253,05,12/2,
0561,05,0535,Larbaa,لارباع,executive-decree-26-253,executive-decree-26-253,executive-decree-26-253,05,15/2,
0601,06,0601,Béjaia,بجاية,executive-decree-91-306,executive-decree-91-306,executive-decree-91-306,06,19/1,
0602,06,0602,Amizour,أميزور,executive-decree-91-306,executive-decree-91-306,executive-decree-91-306,06,3/1,
0603,06,0602,Ferraoun,فرعون,executive-decree-91-306,executive-decree-91-306,executive-decree-91-306,06,3/4,
0604,06,0624,Taourirt Ighil,تاوريرت اغيل,executive-decree-91-306,executive-decree-91-306,executive-decree-91-306,06,4/2,
0605,06,0625,Chellata,شلاطة,executive-decree-91-306,executive-decree-91-306,executive-decree-91-306,06,2/4,
0606,06,0625,Tamokra,تامقرة,executive-decree-91-306,executive-decree-91-306,executive-decree-91-306,06,2/3,
0607,06,0607,Timzrit,تيمزريت,executive-decree-91-306,executive-decree-91-306,executive-decree-91-306,06,8/1,
0608,06,0608,Souk El Tenine,سوق الاثنين,executive-decree-91-306,executive-decree-91-306,executive-decree-91-306,06,11/1,
0609,06,0626,M’Cisna,مسيسنة,executive-decree-91-306,executive-decree-91-306,executive-decree-91-306,06,5/4,
0610,06,0639,Thinabdher,تينبذار,executive-decree-91-306,executive-decree-91-306,executive-decree-91-306,06,7/3,
0611,06,0611,Tichy,تيشي,executive-decree-91-306,executive-decree-91-306,executive-decree-91-306,06,1/1,
0612,06,0602,Semaoune,سمعون,executive-decree-91-306,executive-decree-91-306,executive-decree-91-306,06,3/3,
0613,06,0634,Kendira,كنديرة,executive-decree-91-306,executive-decree-91-306,executive-decree-91-306,06,13/2,
0614,06,0639,Tifra,تيفرة,executive-decree-91-306,executive-decree-91-306,executive-decree-91-306,06,7/4,
0615,06,0625,Ighram,اغرم,executive-decree-91-306,executive-decree-91-306,executive-decree-91-306,06,2/2,
0616,06,0626,Amalou,أمالو,executive-decree-91-306,executive-decree-91-306,executive-decree-91-306,06,5/2,
0617,06,0617,Ighil Ali,إغيل علي,executive-decree-91-306,executive-decree-91-306,executive-decree-91-306,06,10/1,
0618,06,0640,Iflaine El Maten,فلاين الماثن,executive-decree-91-306,executive-decree-91-306,executive-decree-91-306,06,12/3,
0619,06,0640,Toudja,توجة,executive-decree-91-306,executive-decree-91-306,executive-decree-91-306,06,12/2,
0620,06,0620,Darguina,درقينة,executive-decree-91-306,executive-decree-91-306,executive-decree-91-306,06,14/1,
0621,06,0639,Sidi Ayad,سيدي عياد,executive-decree-91-306,executive-decree-91-306,executive-decree-91-306,06,7/5,
0622,06,0622,Aokas,أوقاس,executive-decree-91-306,executive-decree-91-306,executive-decree-91-306,06,16/1,
0623,06,0602,Béni Djellil,بني جليل,executive-decree-91-306,executive-decree-91-306,executive-decree-91-306,06,3/2,
0624,06,0624,Adekar,أذكار,executive-decree-91-306,executive-decree-91-306,executive-decree-91-306,06,4/1,
0625,06,0625,Akbou,آقبو,executive-decree-91-306,executive-decree-91-306,executive-decree-91-306,06,2/1,
0626,06,0626,Seddouk,صدوق,executive-decree-91-306,executive-decree-91-306,executive-decree-91-306,06,5/1,
0627,06,0627,Tazmalt,تازمالت,executive-decree-91-306,executive-decree-91-306,executive-decree-91-306,06,18/1,
0628,06,0617,Aitrizine,آيت رزين,executive-decree-91-306,executive-decree-91-306,executive-decree-91-306,06,10/2,
0629,06,0629,Chemini,شميني,executive-decree-91-306,executive-decree-91-306,executive-decree-91-306,06,9/1,
0630,06,0629,Souk Oufella,السوق أوفلا,executive-decree-91-306,executive-decree-91-306,executive-decree-91-306,06,9/2,
0631,06,0620,Taskriout,تاسكريوت,executive-decree-91-306,executive-decree-91-306,executive-decree-91-306,06,14/2,
0632,06,0629,Tibane,طيبان,executive-decree-91-306,executive-decree-91-306,executive-decree-91-306,06,9/3,
0633,06,0611,Tala Hamza,تالة حمزة,executive-decree-91-306,executive-decree-91-306,executive-decree-91-306,06,1/3,
0634,06,0634,Barbacha,برباشة,executive-decree-91-306,executive-decree-91-306,executive-decree-91-306,06,13/1,
0635,06,0624,Béni Ksila,بني كسيلة,executive-decree-91-306,executive-decree-91-306,executive-decree-91-306,06,4/3,
0636,06,0636,Ouzellaguène,أوزلاقن,executive-decree-91-306,executive-decree-91-306,executive-decree-91-306,06,17/1,
0637,06,0626,Bouhamza,بوحمزة,executive-decree-91-306,executive-decree-91-306,executive-decree-91-306,06,5/3,
0638,06,0627,Béni Melikeche,بني مليكش,executive-decree-91-306,executive-decree-91-306,executive-decree-91-306,06,18/2,
0639,06,0639,Sidi Aïch,سيدي عيش,executive-decree-91-306,executive-decree-91-306,executive-decree-91-306,06,7/1,
0640,06,0640,El Kseur,القصر,executive-decree-91-306,executive-decree-91-306,executive-decree-91-306,06,12/1,
0641,06,0608,Melbou,ملبو,executive-decree-91-306,executive-decree-91-306,executive-decree-91-306,06,11/2,
0642,06,0629,Akfadou,أكفادو,executive-decree-91-306,executive-decree-91-306,executive-decree-91-306,06,9/4,
0643,06,0639,Leflaye,لفلاي,executive-decree-91-306,executive-decree-91-306,executive-decree-91-306,06,7/2,
0644,06,0644,Kherrata,خراطة,executive-decree-91-306,executive-decree-91-306,executive-decree-91-306,06,6/1,
0645,06,0644,Draa El Kaïd,ذراع القايد,executive-decree-91-306,executive-decree-91-306,executive-decree-91-306,06,6/2,
0646,06,0608,Tamridjet,تامريجت,executive-decree-91-306,executive-decree-91-306,executive-decree-91-306,06,11/3,
0647,06,0620,Aït Smaïl,آيت إسماعيل,executive-decree-91-306,executive-decree-91-306,executive-decree-91-306,06,14/3,
0648,06,0611,Boukhelifa,بوخليفة,executive-decree-91-306,executive-decree-91-306,executive-decree-91-306,06,1/2,
0649,06,0622,Tizi N’Berber,تيزي نبربر,executive-decree-91-306,executive-decree-91-306,executive-decree-91-306,06,16/2,
0650,06,0650,Béni Maouche,بني معوش,executive-decree-91-306,executive-decree-91-306,executive-decree-91-306,06,15/1,
0651,06,0601,Oued Ghir,وادي غير,executive-decree-91-306,executive-decree-91-306,executive-decree-91-306,06,19/2,
0652,06,0627,Boudjellil,بوجليل,executive-decree-91-306,executive-decree-91-306,executive-decree-91-306,06,18/3,
0701,07,0701,Biskra,بسكرة,executive-decree-26-253,executive-decree-26-253,executive-decree-26-253,07,1/1,
0702,07,0724,Oumache,أوماش,executive-decree-26-253,executive-decree-26-253,executive-decree-26-253,07,4/2,
0703,61,0720,Branis,البرانيس,executive-decree-26-253,executive-decree-26-253,executive-decree-26-253,61,2/2,07
0704,07,0711,Chetma,شتمة,executive-decree-26-253,executive-decree-26-253,executive-decree-26-253,07,2/3,
0711,07,0711,Sidi Okba,سيدي عقبة,executive-decree-26-253,executive-decree-26-253,executive-decree-26-253,07,2/1,
0712,07,0712,M’Chounèche,مشونش,executive-decree-26-253,executive-decree-26-253,executive-decree-26-253,07,7/1,
0713,07,0711,El Haouch,الحوش,executive-decree-26-253,executive-decree-26-253,executive-decree-26-253,07,2/2,
0714,07,0711,Aïn Naga,عين الناقة,executive-decree-26-253,executive-decree-26-253,executive-decree-26-253,07,2/4,
0715,07,0715,Zeribet El Oued,زريبة الوادي,executive-decree-26-253,executive-decree-26-253,executive-decree-26-253,07,5/1,
0716,07,0715,El Feidh,الفيض,executive-decree-26-253,executive-decree-26-253,executive-decree-26-253,07,5/2,
0717,61,0717,El Kantara,القنطرة,executive-decree-26-253,executive-decree-26-253,executive-decree-26-253,61,1/1,07
0718,61,0717,Ain Zaâtout,عين زعطوط,executive-decree-26-253,executive-decree-26-253,executive-decree-26-253,61,1/2,07
0719,61,0719,El Outaya,الوطاية,executive-decree-26-253,executive-decree-26-253,executive-decree-26-253,61,3/1,07
0720,61,0720,Djemourah,جمورة,executive-decree-26-253,executive-decree-26-253,executive-decree-26-253,61,2/1,07
0721,07,0721,Tolga,طولقة,executive-decree-26-253,executive-decree-26-253,executive-decree-26-253,07,3/1,
0722,07,0724,Lioua,ليوة,executive-decree-26-253,executive-decree-26-253,executive-decree-26-253,07,4/3,
0723,07,0721,Lichana,ليشانة,executive-decree-26-253,executive-decree-26-253,executive-decree-26-253,07,3/3,
0724,07,0724,Ourlal,أورلال,executive-decree-26-253,executive-decree-26-253,executive-decree-26-253,07,4/1,
0725,07,0724,M’Lili,أمليلي,executive-decree-26-253,executive-decree-26-253,executive-decree-26-253,07,4/4,
0726,07,0726,Foughala,فوغالة,executive-decree-26-253,executive-decree-26-253,executive-decree-26-253,07,6/1,
0727,07,0721,Bordj Ben Azzouz,برج بن عزوز,executive-decree-26-253,executive-decree-26-253,executive-decree-26-253,07,3/4,
0728,07,0715,Meziraa,المزيرعة,executive-decree-26-253,executive-decree-26-253,executive-decree-26-253,07,5/4,
0729,07,0721,Bouchagroun,بوشقرون,executive-decree-26-253,executive-decree-26-253,executive-decree-26-253,07,3/2,
0730,07,0724,Mekhadma,أمخادمة,executive-decree-26-253,executive-decree-26-253,executive-decree-26-253,07,4/5,
0731,07,0726,El Ghrous,الغروس,executive-decree-26-253,executive-decree-26-253,executive-decree-26-253,07,6/2,
0732,07,0701,El Hadjeb,الحاجب,executive-decree-26-253,executive-decree-26-253,executive-decree-26-253,07,1/2,
0733,07,0715,Khangat Sidi Nadji,خنقة سيدي ناجي,executive-decree-26-253,executive-decree-26-253,executive-decree-26-253,07,5/3,
0801,08,0801,Béchar,بشار,executive-decree-21-198,executive-decree-21-198,executive-decree-21-198,08,1/1,
0802,08,0817,Erg Ferradj,عرق فراج,executive-decree-21-198,executive-decree-21-198,executive-decree-21-198,08,4/3,
0804,08,0810,Meridja,مريجة,executive-decree-21-198,executive-decree-21-198,executive-decree-21-198,08,3/2,
0806,08,0806,Lahmar,الاحمر,executive-decree-21-198,executive-decree-21-198,executive-decree-21-198,08,5/1,
0809,08,0817,Mechraâ Houari Boumediène,مشرع هواري بومدين,executive-decree-21-198,executive-decree-21-198,executive-decree-21-198,08,4/2,
0810,08,0810,Kenadsa,قنادسة,executive-decree-21-198,executive-decree-21-198,executive-decree-21-198,08,3/1,
0813,08,0813,Taghit,تاغيت,executive-decree-21-198,executive-decree-21-198,executive-decree-21-198,08,6/1,
0815,08,0806,Boukaïs,بوقايس,executive-decree-21-198,executive-decree-21-198,executive-decree-21-198,08,5/2,
0816,08,0806,Mogheul,موغل,executive-decree-21-198,executive-decree-21-198,executive-decree-21-198,08,5/3,
0817,08,0817,Abadla,العبادلة,executive-decree-21-198,executive-decree-21-198,executive-decree-21-198,08,4/1,
0821,08,0821,Béni Ounif,بني ونيف,executive-decree-21-198,executive-decree-21-198,executive-decree-21-198,08,2/1,
0901,09,0901,Blida,البليدة,executive-decree-91-306,executive-decree-91-306,executive-decree-91-306,09,12/1,
0902,09,0903,Chebli,الشبلي,executive-decree-92-66,executive-decree-92-66,executive-decree-92-66,09,1/2,
0903,09,0903,Bouinan,بوعينان,executive-decree-92-66,executive-decree-92-66,executive-decree-92-66,09,1/1,
0904,09,0904,Oued El Alleug,وادي العلايق,executive-decree-91-306,executive-decree-91-306,executive-decree-91-306,09,7/1,
0907,09,0907,Ouled Yaich,أولاد يعيش,executive-decree-91-306,executive-decree-91-306,executive-decree-91-306,09,4/1,
0908,09,0907,Chréa,الشريعة,executive-decree-91-306,executive-decree-91-306,executive-decree-91-306,09,4/3,
0910,09,0910,El Affroun,العفرون,executive-decree-91-306,executive-decree-91-306,executive-decree-91-306,09,3/1,
0911,09,0916,Chiffa,الشفة,executive-decree-91-306,executive-decree-91-306,executive-decree-91-306,09,9/3,
0912,09,0926,Hammam El Ouane,حمام ألوان,executive-decree-91-306,executive-decree-91-306,executive-decree-91-306,09,6/2,
0913,09,0904,Ben Khellil,ابن خليل,executive-decree-91-306,executive-decree-91-306,executive-decree-91-306,09,7/3,
0914,09,0920,Soumaa,الصومعة,executive-decree-91-306,executive-decree-91-306,executive-decree-91-306,09,1/3,
0916,09,0916,Mouzaïa,موزاية,executive-decree-91-306,executive-decree-91-306,executive-decree-91-306,09,9/1,
0917,09,0921,Souhane,صوحان,executive-decree-91-306,executive-decree-91-306,executive-decree-91-306,09,2/2,
0918,09,0918,Meftah,مفتاح,executive-decree-91-306,executive-decree-91-306,executive-decree-91-306,09,10/1,
0919,09,,Ouled Selama,أولاد سلامة,executive-decree-91-306,executive-decree-91-306,executive-decree-91-306,09,11/2,
0920,09,0920,Boufarik,بوفاريك,executive-decree-91-306,executive-decree-91-306,executive-decree-91-306,09,1/1,
0921,09,0921,Larbaa,الاربعاء,executive-decree-91-306,executive-decree-91-306,executive-decree-91-306,09,2/1,
0922,09,0910,Oued Djer,وادي جر,executive-decree-91-306,executive-decree-91-306,executive-decree-91-306,09,3/2,
0923,09,0904,Béni Tamou,بني تامو,executive-decree-91-306,executive-decree-91-306,executive-decree-91-306,09,7/2,
0924,09,0901,Bouarfa,بوعرفة,executive-decree-91-306,executive-decree-91-306,executive-decree-91-306,09,12/2,
0925,09,0907,Béni Mered,بني مراد,executive-decree-91-306,executive-decree-91-306,executive-decree-91-306,09,4/2,
0926,09,0926,Bougara,بوقرة,executive-decree-91-306,executive-decree-91-306,executive-decree-91-306,09,6/1,
0927,09,0920,Guerrouaou,قرواو,executive-decree-91-306,executive-decree-91-306,executive-decree-91-306,09,1/2,
0928,09,0916,Ain Romana,عين الرمانة,executive-decree-91-306,executive-decree-91-306,executive-decree-91-306,09,9/2,
0929,09,0918,Djebabra,جبابرة,executive-decree-91-306,executive-decree-91-306,executive-decree-91-306,09,10/2,
1001,10,1001,Bouira,البويرة,executive-decree-91-306,executive-decree-91-306,executive-decree-91-306,10,12/1,
1002,10,1033,El Asnam,الاسنام,executive-decree-91-306,executive-decree-91-306,executive-decree-91-306,10,7/5,
1003,10,1013,Guerrouma,قرومة,executive-decree-91-306,executive-decree-91-306,executive-decree-91-306,10,1/4,
1004,10,1004,Souk El Khemis,سوق الخميس,executive-decree-91-306,executive-decree-91-306,executive-decree-91-306,10,11/1,
1005,10,1005,Kadiria,القادرية,executive-decree-91-306,executive-decree-91-306,executive-decree-91-306,10,6/1,
1006,10,1037,Hanif,حنيف,executive-decree-91-306,executive-decree-91-306,executive-decree-91-306,10,3/5,
1007,10,1038,Dirah,ديرة,executive-decree-91-306,executive-decree-91-306,executive-decree-91-306,10,4/5,
1008,10,1001,Ait Laaziz,آيت لعزيز,executive-decree-91-306,executive-decree-91-306,executive-decree-91-306,10,12/3,
1009,10,1012,Taghzout,تاغزوت,executive-decree-91-306,executive-decree-91-306,executive-decree-91-306,10,2/2,
1010,10,1036,Raouraoua,الروراوة,executive-decree-91-306,executive-decree-91-306,executive-decree-91-306,10,10/2,
1011,10,1018,Mesdour,مسدور,executive-decree-91-306,executive-decree-91-306,executive-decree-91-306,10,9/2,
1012,10,1012,Haizer,الحيزر,executive-decree-91-306,executive-decree-91-306,executive-decree-91-306,10,2/1,
1013,10,1013,Lakhdaria,الأخضرية,executive-decree-91-306,executive-decree-91-306,executive-decree-91-306,10,1/1,
1014,10,1013,Maala,معلة,executive-decree-91-306,executive-decree-91-306,executive-decree-91-306,10,1/6,
1015,10,1015,El Hachimia,الهاشمية,executive-decree-91-306,executive-decree-91-306,executive-decree-91-306,10,8/1,
1016,10,1005,Aomar,أعمر,executive-decree-91-306,executive-decree-91-306,executive-decree-91-306,10,6/2,
1017,10,1037,Chorfa,الشرفاء,executive-decree-91-306,executive-decree-91-306,executive-decree-91-306,10,3/3,
1018,10,1018,Bordj Okhriss,برج أوخريص,executive-decree-91-306,executive-decree-91-306,executive-decree-91-306,10,9/1,
1019,10,1033,El Adjiba,العجيبة,executive-decree-91-306,executive-decree-91-306,executive-decree-91-306,10,7/2,
1020,10,1038,El Hakimia,الحكيمية,executive-decree-91-306,executive-decree-91-306,executive-decree-91-306,10,4/6,
1021,10,1036,El Khebouzia,الخبوزية,executive-decree-91-306,executive-decree-91-306,executive-decree-91-306,10,10/3,
1022,10,1033,Ahl El Ksar,أهل القصر,executive-decree-91-306,executive-decree-91-306,executive-decree-91-306,10,7/3,
1023,10,1013,Bouderbala,بودربالة,executive-decree-91-306,executive-decree-91-306,executive-decree-91-306,10,1/3,
1024,10,1013,Z’barbar,زبربر,executive-decree-91-306,executive-decree-91-306,executive-decree-91-306,10,1/5,
1025,10,1035,Aïn Lahdjar,عين الحجر,executive-decree-91-306,executive-decree-91-306,executive-decree-91-306,10,5/3,
1026,10,1005,Djebahia,جباحية,executive-decree-91-306,executive-decree-91-306,executive-decree-91-306,10,6/3,
1027,10,1037,Aghbalou,أغبالو,executive-decree-91-306,executive-decree-91-306,executive-decree-91-306,10,3/4,
1028,10,1018,Taguedit,تاقديت,executive-decree-91-306,executive-decree-91-306,executive-decree-91-306,10,9/3,
1029,10,1001,Ain Turk,عين الترك,executive-decree-91-306,executive-decree-91-306,executive-decree-91-306,10,12/2,
1030,10,1037,Saharidj,الصهاريج,executive-decree-91-306,executive-decree-91-306,executive-decree-91-306,10,3/2,
1031,10,1038,Dechmia,الدشمية,executive-decree-91-306,executive-decree-91-306,executive-decree-91-306,10,4/2,
1032,10,1038,Ridane,ريدان,executive-decree-91-306,executive-decree-91-306,executive-decree-91-306,10,4/3,
1033,10,1033,Bechloul,بشلول,executive-decree-91-306,executive-decree-91-306,executive-decree-91-306,10,7/1,
1034,10,1013,Boukram,بوكرم,executive-decree-91-306,executive-decree-91-306,executive-decree-91-306,10,1/2,
1035,10,1035,Aïn Bessem,عين بسام,executive-decree-91-306,executive-decree-91-306,executive-decree-91-306,10,5/1,
1036,10,1036,Bir Ghbalou,بئر غبالو,executive-decree-91-306,executive-decree-91-306,executive-decree-91-306,10,10/1,
1037,10,1037,M’Chedellah,مشد الله,executive-decree-91-306,executive-decree-91-306,executive-decree-91-306,10,3/1,
1038,10,1038,Sour El Ghozlane,سور الغزلان,executive-decree-91-306,executive-decree-91-306,executive-decree-91-306,10,4/1,
1039,10,1038,Maamora,المعمورة,executive-decree-91-306,executive-decree-91-306,executive-decree-91-306,10,4/4,
1040,10,1033,Ouled Rached,أولاد راشد,executive-decree-91-306,executive-decree-91-306,executive-decree-91-306,10,7/4,
1041,10,1035,Aïn Laloui,عين العلوي,executive-decree-91-306,executive-decree-91-306,executive-decree-91-306,10,5/2,
1042,10,1018,Hadjra Zerga,الحجرة الزرقاء,executive-decree-91-306,executive-decree-91-306,executive-decree-91-306,10,9/4,
1043,10,1037,Taourirt,تاوريرت,executive-decree-91-306,executive-decree-91-306,executive-decree-91-306,10,3/6,
1044,10,1004,El Mokrani,المقراني,executive-decree-91-306,executive-decree-91-306,executive-decree-91-306,10,11/2,
1045,10,1015,Oued El Berdi,وادي البردي,executive-decree-91-306,executive-decree-91-306,executive-decree-91-306,10,8/2,
1101,11,1101,Tamenghasset,تامنغست,executive-decree-21-198,executive-decree-21-198,executive-decree-21-198,11,1/1,
1102,11,1102,Abalessa,أباليسا,executive-decree-21-198,executive-decree-21-198,executive-decree-21-198,11,3/1,
1105,11,1106,Idelès,إدلس,executive-decree-21-198,executive-decree-21-198,executive-decree-21-198,11,2/2,
1106,11,1106,Tazrouk,تاظروك,executive-decree-21-198,executive-decree-21-198,executive-decree-21-198,11,2/1,
1109,11,1101,In Amguel,إن أمقل,executive-decree-21-198,executive-decree-21-198,executive-decree-21-198,11,1/2,
1201,12,1201,Tébessa,تبسة,executive-decree-26-253,executive-decree-26-253,executive-decree-26-253,12,1/1,
1202,62,1202,Bir El Ater,بئر العاتر,executive-decree-26-253,executive-decree-26-253,executive-decree-26-253,62,1/1,12
1203,12,1203,Chéria,الشريعة,executive-decree-26-253,executive-decree-26-253,executive-decree-26-253,12,4/1,
1204,12,1213,Stah Guentis,السطح قنتيس,executive-decree-26-253,executive-decree-26-253,executive-decree-26-253,12,5/4,
1205,12,1205,El Aouinet,العوينات,executive-decree-26-253,executive-decree-26-253,executive-decree-26-253,12,3/1,
1206,12,1220,Lahouidjbet,الحويجبات,executive-decree-26-253,executive-decree-26-253,executive-decree-26-253,12,7/2,
1207,12,1221,Safsaf El Ouesra,صفصاف الوسرى,executive-decree-26-253,executive-decree-26-253,executive-decree-26-253,12,9/2,
1208,12,1210,Hammamet,الحمامات,executive-decree-26-253,executive-decree-26-253,executive-decree-26-253,12,8/2,
1209,62,1209,Negrine,نقرين,executive-decree-26-253,executive-decree-26-253,executive-decree-26-253,62,2/1,12
1210,12,1210,Bir Mokkadem,بئر مقدم,executive-decree-26-253,executive-decree-26-253,executive-decree-26-253,12,8/1,
1211,12,1211,El Kouif,الكويف,executive-decree-26-253,executive-decree-26-253,executive-decree-26-253,12,2/1,
1212,12,1212,Morsott,مرسط,executive-decree-26-253,executive-decree-26-253,executive-decree-26-253,12,10/1,
1213,12,1213,El Ogla,العقلة,executive-decree-26-253,executive-decree-26-253,executive-decree-26-253,12,5/1,
1214,12,1212,Bir Dheheb,بئر الذهب,executive-decree-26-253,executive-decree-26-253,executive-decree-26-253,12,10/2,
1215,62,1202,El Ogla El Melha,العقلة المالحة,executive-decree-26-253,executive-decree-26-253,executive-decree-26-253,62,1/2,12
1216,12,1210,Gourrigueur,قريقر,executive-decree-26-253,executive-decree-26-253,executive-decree-26-253,12,8/3,
1217,12,1211,Bekkaria,بكارية,executive-decree-26-253,executive-decree-26-253,executive-decree-26-253,12,2/2,
1218,12,1205,Boukhadra,بوخضرة,executive-decree-26-253,executive-decree-26-253,executive-decree-26-253,12,3/2,
1219,12,1219,Ouenza,الونزة,executive-decree-26-253,executive-decree-26-253,executive-decree-26-253,12,6/1,
1220,12,1220,El Ma Labiod,الماء الأبيض,executive-decree-26-253,executive-decree-26-253,executive-decree-26-253,12,7/1,
1221,12,1221,Oum Ali,أم علي,executive-decree-26-253,executive-decree-26-253,executive-decree-26-253,12,9/1,
1222,12,1203,Thlidjene,ثليجان,executive-decree-26-253,executive-decree-26-253,executive-decree-26-253,12,4/2,
1223,12,1219,Ain Zerga,عين الزرقاء,executive-decree-26-253,executive-decree-26-253,executive-decree-26-253,12,6/3,
1224,12,1219,El Meridj,المريج,executive-decree-26-253,executive-decree-26-253,executive-decree-26-253,12,6/2,
1225,12,1211,Boulhaf Dyr,بولحاف الدير,executive-decree-26-253,executive-decree-26-253,executive-decree-26-253,12,2/3,
1226,12,1213,Bedjene,بجن,executive-decree-26-253,executive-decree-26-253,executive-decree-26-253,12,5/2,
1227,12,1213,El Mezeraa,المزرعة,executive-decree-26-253,executive-decree-26-253,executive-decree-26-253,12,5/3,
1228,62,1209,Ferkane,فركان,executive-decree-26-253,executive-decree-26-253,executive-decree-26-253,62,2/2,12
1301,13,1301,Tlemcen,تلمسان,executive-decree-26-253,executive-decree-26-253,executive-decree-26-253,13,1/1,
1302,13,1351,Béni Mester,بني مستر,executive-decree-26-253,executive-decree-26-253,executive-decree-26-253,13,9/4,
1303,13,1303,Ain Tallout,عين تالوت,executive-decree-26-253,executive-decree-26-253,executive-decree-26-253,13,17/1,
1304,13,1304,Remchi,الرمشي,executive-decree-26-253,executive-decree-26-253,executive-decree-26-253,13,6/1,
1305,13,1304,El Fehoul,الفحول,executive-decree-26-253,executive-decree-26-253,executive-decree-26-253,13,6/5,
1306,13,1306,Sabra,صبرة,executive-decree-26-253,executive-decree-26-253,executive-decree-26-253,13,4/1,
1307,13,1307,Ghazaouet,الغزوات,executive-decree-26-253,executive-decree-26-253,executive-decree-26-253,13,3/1,
1308,13,1318,Souani,السواني,executive-decree-26-253,executive-decree-26-253,executive-decree-26-253,13,8/2,
1309,13,1340,Djebala,جبالة,executive-decree-26-253,executive-decree-26-253,executive-decree-26-253,13,5/2,
1310,63,1332,El Gor,القور,executive-decree-26-253,executive-decree-26-253,executive-decree-26-253,63,1/2,13
1311,13,1313,Oued Lakhdar,وادي الأخضر,executive-decree-26-253,executive-decree-26-253,executive-decree-26-253,13,10/3,
1312,13,1350,Aïn Fezza,عين فزة,executive-decree-26-253,executive-decree-26-253,executive-decree-26-253,13,11/2,
1313,13,1313,Ouled Mimoun,أولاد ميمون,executive-decree-26-253,executive-decree-26-253,executive-decree-26-253,13,10/1,
1314,13,1350,Amieur,عمير,executive-decree-26-253,executive-decree-26-253,executive-decree-26-253,13,11/3,
1315,13,1304,Aïn Youcef,عين يوسف,executive-decree-26-253,executive-decree-26-253,executive-decree-26-253,13,6/2,
1316,13,1326,Zenata,زناتة,executive-decree-26-253,executive-decree-26-253,executive-decree-26-253,13,19/2,
1317,13,1317,Béni Snous,بني سنوس,executive-decree-26-253,executive-decree-26-253,executive-decree-26-253,13,13/1,
1318,13,1318,Bab El Assa,باب العسة,executive-decree-26-253,executive-decree-26-253,executive-decree-26-253,13,8/1,
1319,13,1307,Dar Yaghmouracène,دار يغمراسن,executive-decree-26-253,executive-decree-26-253,executive-decree-26-253,13,3/2,
1320,13,1320,Fellaoucène,فلاوسن,executive-decree-26-253,executive-decree-26-253,executive-decree-26-253,13,16/1,
1321,13,1317,Azaïls,لعزايل,executive-decree-26-253,executive-decree-26-253,executive-decree-26-253,13,13/2,
1322,13,1304,Sebaa Chioukh,السبعة شيوخ,executive-decree-26-253,executive-decree-26-253,executive-decree-26-253,13,6/4,
1323,13,1351,Tirni Béni Hediel,تيرني بني هديل,executive-decree-26-253,executive-decree-26-253,executive-decree-26-253,13,9/2,
1324,13,1324,Bensekrane,بن سكران,executive-decree-26-253,executive-decree-26-253,executive-decree-26-253,13,18/1,
1325,13,1303,Ain Nehala,عين النحالة,executive-decree-26-253,executive-decree-26-253,executive-decree-26-253,13,17/2,
1326,13,1326,Hennaya,الحناية,executive-decree-26-253,executive-decree-26-253,executive-decree-26-253,13,19/1,
1327,13,1327,Maghnia,مغنية,executive-decree-26-253,executive-decree-26-253,executive-decree-26-253,13,2/1,
1328,13,1327,Hammam Boughrara,حمام بوغرارة,executive-decree-26-253,executive-decree-26-253,executive-decree-26-253,13,2/2,
1329,13,1307,Souahlia,السواحلية,executive-decree-26-253,executive-decree-26-253,executive-decree-26-253,13,3/3,
1330,13,1339,Msirda Fouaga,مسيردة الفواقة,executive-decree-26-253,executive-decree-26-253,executive-decree-26-253,13,15/2,
1331,13,1320,Ain Fetah,عين فتاح,executive-decree-26-253,executive-decree-26-253,executive-decree-26-253,13,16/3,
1332,63,1332,El Aricha,العريشة,executive-decree-26-253,executive-decree-26-253,executive-decree-26-253,63,1/1,13
1333,13,1318,Souk Thlata,سوق الثلاثاء,executive-decree-26-253,executive-decree-26-253,executive-decree-26-253,13,8/3,
1334,13,1324,Sidi Abdelli,سيد عبد اللى,executive-decree-26-253,executive-decree-26-253,executive-decree-26-253,13,18/2,
1335,13,1335,Sebdou,سبدو,executive-decree-26-253,executive-decree-26-253,executive-decree-26-253,13,7/1,
1336,13,1304,Beni Ouarsous,بنى ورسوس,executive-decree-26-253,executive-decree-26-253,executive-decree-26-253,13,6/3,
1337,13,1338,Sidi Medjahed,سيدي مجاهد,executive-decree-26-253,executive-decree-26-253,executive-decree-26-253,13,14/2,
1338,13,1338,Béni Boussaïd,بني بوسعيد,executive-decree-26-253,executive-decree-26-253,executive-decree-26-253,13,14/1,
1339,13,1339,Marsa Ben M’Hidi,مرسى بن مهيدي,executive-decree-26-253,executive-decree-26-253,executive-decree-26-253,13,15/1,
1340,13,1340,Nédroma,ندرومة,executive-decree-26-253,executive-decree-26-253,executive-decree-26-253,13,5/1,
1341,63,1341,Sidi Djillali,سيدي الجيلالي,executive-decree-26-253,executive-decree-26-253,executive-decree-26-253,63,2/1,13
1342,13,1317,Béni Bahdel,بني بحدل,executive-decree-26-253,executive-decree-26-253,executive-decree-26-253,13,13/3,
1343,63,1341,El Bouihi,البويهي,executive-decree-26-253,executive-decree-26-253,executive-decree-26-253,63,2/2,13
1344,13,1344,Honaïne,حنين,executive-decree-26-253,executive-decree-26-253,executive-decree-26-253,13,12/1,
1345,13,1307,Tianet,تيانت,executive-decree-26-253,executive-decree-26-253,executive-decree-26-253,13,3/4,
1346,13,1326,Ouled Riyah,أولاد رياح,executive-decree-26-253,executive-decree-26-253,executive-decree-26-253,13,19/3,
1347,13,1306,Bouhlou,بوحلو,executive-decree-26-253,executive-decree-26-253,executive-decree-26-253,13,4/2,
1348,13,1344,Béni Khellad,بني خلاد,executive-decree-26-253,executive-decree-26-253,executive-decree-26-253,13,12/2,
1349,13,1351,Aïn Ghoraba,عين الغرابة,executive-decree-26-253,executive-decree-26-253,executive-decree-26-253,13,9/3,
1350,13,1350,Chetouane,شتوان,executive-decree-26-253,executive-decree-26-253,executive-decree-26-253,13,11/1,
1351,13,1351,Mansourah,المنصورة,executive-decree-26-253,executive-decree-26-253,executive-decree-26-253,13,9/1,
1352,13,1313,Béni Semiel,بنى صميل,executive-decree-26-253,executive-decree-26-253,executive-decree-26-253,13,10/2,
1353,13,1320,Ain Kebira,العين الكبيرة,executive-decree-26-253,executive-decree-26-253,executive-decree-26-253,13,16/2,
1401,14,1401,Tiaret,تيارت,executive-decree-26-253,executive-decree-26-253,executive-decree-26-253,14,1/1,
1402,14,1402,Medroussa,مدروسة,executive-decree-26-253,executive-decree-26-253,executive-decree-26-253,14,10/1,
1403,14,1413,Aïn Bouchekif,عين بوشقيف,executive-decree-26-253,executive-decree-26-253,executive-decree-26-253,14,2/2,
1404,14,1433,Sidi Ali Mellal,سيدي علي ملال,executive-decree-26-253,executive-decree-26-253,executive-decree-26-253,14,9/2,
1405,14,1415,Aïn Dzarit,عين دزاريت,executive-decree-26-253,executive-decree-26-253,executive-decree-26-253,14,5/3,
1406,14,1406,Aïn Deheb,عين الذهب,executive-decree-26-253,executive-decree-26-253,executive-decree-26-253,14,12/1,
1407,14,1402,Sidi Bakhti,سيدي بختي,executive-decree-26-253,executive-decree-26-253,executive-decree-26-253,14,10/2,
1408,14,1428,Médrissa,مدريسة,executive-decree-26-253,executive-decree-26-253,executive-decree-26-253,14,7/2,
1409,64,1429,Zmalet El Emir Abdelkader,زمالة الأمير عبد القادر,executive-decree-26-253,executive-decree-26-253,executive-decree-26-253,64,1/2,14
1410,14,1428,Madna,مادنة,executive-decree-26-253,executive-decree-26-253,executive-decree-26-253,14,7/5,
1411,14,1421,Sebt,السبت,executive-decree-26-253,executive-decree-26-253,executive-decree-26-253,14,11/2,
1412,14,1402,Mellakou,ملاكو,executive-decree-26-253,executive-decree-26-253,executive-decree-26-253,14,10/3,
1413,14,1413,Dahmouni,الدحموني,executive-decree-26-253,executive-decree-26-253,executive-decree-26-253,14,2/1,
1414,14,1414,Rahouia,الرحوية,executive-decree-26-253,executive-decree-26-253,executive-decree-26-253,14,6/1,
1415,14,1415,Mahdia,مهدية,executive-decree-26-253,executive-decree-26-253,executive-decree-26-253,14,5/1,
1416,14,1416,Sougueur,السوقر,executive-decree-26-253,executive-decree-26-253,executive-decree-26-253,14,3/1,
1417,14,1416,Sidi Abdelghani,سيدي عبد الغني,executive-decree-26-253,executive-decree-26-253,executive-decree-26-253,14,3/3,
1418,14,1427,Aïn El Hadid,عين الحديد,executive-decree-26-253,executive-decree-26-253,executive-decree-26-253,14,4/2,
1419,14,1428,Djebilet Rosfa,جبيلة الرصفاء,executive-decree-26-253,executive-decree-26-253,executive-decree-26-253,14,7/4,
1420,14,1406,Naïma,النعيمة,executive-decree-26-253,executive-decree-26-253,executive-decree-26-253,14,12/3,
1421,14,1421,Meghila,مغيلة,executive-decree-26-253,executive-decree-26-253,executive-decree-26-253,14,11/1,
1422,14,1414,Guertoufa,قرطوفة,executive-decree-26-253,executive-decree-26-253,executive-decree-26-253,14,6/2,
1423,14,1421,Sidi Hosni,سيدي حسني,executive-decree-26-253,executive-decree-26-253,executive-decree-26-253,14,11/3,
1424,14,1434,Djileli Ben Amar,جيلالي بن عمار,executive-decree-26-253,executive-decree-26-253,executive-decree-26-253,14,8/2,
1425,14,1415,Sebaïne,سبعين,executive-decree-26-253,executive-decree-26-253,executive-decree-26-253,14,5/2,
1426,14,1416,Tousnina,توسنينة,executive-decree-26-253,executive-decree-26-253,executive-decree-26-253,14,3/2,
1427,14,1427,Frenda,فرندة,executive-decree-26-253,executive-decree-26-253,executive-decree-26-253,14,4/1,
1428,14,1428,Aïn Kermes,عين كرمس,executive-decree-26-253,executive-decree-26-253,executive-decree-26-253,14,7/1,
1429,64,1429,Ksar Chellala,قصر الشلالة,executive-decree-26-253,executive-decree-26-253,executive-decree-26-253,64,1/1,14
1430,64,1435,Rechaiga,الرشايقة,executive-decree-26-253,executive-decree-26-253,executive-decree-26-253,64,2/3,14
1431,14,1415,Nadorah,الناظورة,executive-decree-26-253,executive-decree-26-253,executive-decree-26-253,14,5/4,
1432,14,1434,Tagdemt,تاقدمت,executive-decree-26-253,executive-decree-26-253,executive-decree-26-253,14,8/3,
1433,14,1433,Oued Lili,وادي ليلي,executive-decree-26-253,executive-decree-26-253,executive-decree-26-253,14,9/1,
1434,14,1434,Mechraa Sfa,مشرع الصفا,executive-decree-26-253,executive-decree-26-253,executive-decree-26-253,14,8/1,
1435,64,1435,Hamadia,حمادية,executive-decree-26-253,executive-decree-26-253,executive-decree-26-253,64,2/1,14
1436,14,1406,Chehaïma,شحيمة,executive-decree-26-253,executive-decree-26-253,executive-decree-26-253,14,12/2,
1437,14,1427,Takhemaret,تخمارت,executive-decree-26-253,executive-decree-26-253,executive-decree-26-253,14,4/3,
1438,14,1428,Sidi Abderrahmane,سيدي عبد الرحمن,executive-decree-26-253,executive-decree-26-253,executive-decree-26-253,14,7/3,
1439,64,1429,Serguine,سرقين,executive-decree-26-253,executive-decree-26-253,executive-decree-26-253,64,1/3,14
1440,64,1435,Bougara,بوقرة,executive-decree-26-253,executive-decree-26-253,executive-decree-26-253,64,2/2,14
1441,14,1416,Faïdja,الفايجة,executive-decree-26-253,executive-decree-26-253,executive-decree-26-253,14,3/4,
1442,14,1433,Tidda,تيدة,executive-decree-26-253,executive-decree-26-253,executive-decree-26-253,14,9/3,
1501,15,1501,Tizi Ouzou,تيزى وزو,executive-decree-91-306,executive-decree-91-306,executive-decree-91-306,15,21/1,
1502,15,1502,Aïn El Hammam,عين الحمام,executive-decree-91-306,executive-decree-91-306,executive-decree-91-306,15,2/1,
1503,15,1502,Akbil,أقبيل,executive-decree-91-306,executive-decree-91-306,executive-decree-91-306,15,2/3,
1504,15,1518,Fréha,فريحة,executive-decree-91-306,executive-decree-91-306,executive-decree-91-306,15,3/2,
1505,15,1550,Souamaa,الصوامع,executive-decree-91-306,executive-decree-91-306,executive-decree-91-306,15,15/3,
1506,15,1540,Mechtras,مشتراس,executive-decree-91-306,executive-decree-91-306,executive-decree-91-306,15,4/2,
1507,15,1521,Irdjen,ارجن,executive-decree-92-66,executive-decree-92-66,executive-decree-92-66,15,1/3,
1508,15,1524,Timizart,تيميزارت,executive-decree-91-306,executive-decree-91-306,executive-decree-91-306,15,6/2,
1509,15,1509,Makouda,ماكودة,executive-decree-91-306,executive-decree-91-306,executive-decree-91-306,15,20/1,
1510,15,1510,Draa El Mizan,ذراع الميزان,executive-decree-91-306,executive-decree-91-306,executive-decree-91-306,15,5/1,
1511,15,1511,Tizi Ghenif,تيزى غنيف,executive-decree-91-306,executive-decree-91-306,executive-decree-91-306,15,19/1,
1512,15,1540,Bounouh,بونوح,executive-decree-91-306,executive-decree-91-306,executive-decree-91-306,15,4/3,
1513,15,1537,Aït Chaffa,آيت شفة,executive-decree-91-306,executive-decree-91-306,executive-decree-91-306,15,8/3,
1514,15,1510,Frikat,فريقات,executive-decree-91-306,executive-decree-91-306,executive-decree-91-306,15,5/2,
1515,15,1532,Béni Aïssi,بني عيسي,executive-decree-91-306,executive-decree-91-306,executive-decree-91-306,15,12/3,
1516,15,1532,Béni Zmenzer,بني زمنزر,executive-decree-91-306,executive-decree-91-306,executive-decree-91-306,15,12/4,
1517,15,1517,Iferhounène,ايفرحونن,executive-decree-91-306,executive-decree-91-306,executive-decree-91-306,15,17/1,
1518,15,1518,Azzazga,عزازقة,executive-decree-91-306,executive-decree-91-306,executive-decree-91-306,15,3/1,
1519,15,1534,Illoula Oumalou,ايلولة أومالو,executive-decree-91-306,executive-decree-91-306,executive-decree-91-306,15,11/3,
1520,15,1518,Yakourène,يعكورن,executive-decree-91-306,executive-decree-91-306,executive-decree-91-306,15,3/4,
1521,15,1521,Larbaa Nath-Iraten,الاربعاء نايت ايراثن,executive-decree-92-66,executive-decree-92-66,executive-decree-92-66,15,1/1,
1522,15,1522,Tizi Rached,تيزي راشد,executive-decree-92-66,executive-decree-92-66,executive-decree-92-66,15,2/1,
1523,15,1518,Zekri,زكري,executive-decree-91-306,executive-decree-91-306,executive-decree-91-306,15,3/3,
1524,15,1524,Ouaguenoun,واقنون,executive-decree-91-306,executive-decree-91-306,executive-decree-91-306,15,6/1,
1525,15,1510,Aïn Zaouia,عين الزاوية,executive-decree-91-306,executive-decree-91-306,executive-decree-91-306,15,5/3,
1526,15,1511,M’Kira,مكيرة,executive-decree-91-306,executive-decree-91-306,executive-decree-91-306,15,19/2,
1527,15,1502,Aït Yahia,آيت يحي,executive-decree-91-306,executive-decree-91-306,executive-decree-91-306,15,2/2,
1528,15,1532,Aït Mahmoud,آيت محمود,executive-decree-91-306,executive-decree-91-306,executive-decree-91-306,15,12/2,
1529,15,1529,Maatka,المعاتقة,executive-decree-91-306,executive-decree-91-306,executive-decree-91-306,15,14/1,
1530,15,1548,Aït Boumahdi,آيت بومهدي,executive-decree-91-306,executive-decree-91-306,executive-decree-91-306,15,1/2,
1531,15,1502,Abi Youcef,أبى يوسف,executive-decree-91-306,executive-decree-91-306,executive-decree-91-306,15,2/4,
1532,15,1532,Béni Douala,بني دوالة,executive-decree-91-306,executive-decree-91-306,executive-decree-91-306,15,12/1,
1533,15,1517,Illilten,إليلتين,executive-decree-91-306,executive-decree-91-306,executive-decree-91-306,15,17/3,
1534,15,1534,Bouzeguène,بوزقن,executive-decree-91-306,executive-decree-91-306,executive-decree-91-306,15,11/1,
1535,15,1521,Aït Agouacha,آيت قواشة,executive-decree-92-66,executive-decree-92-66,executive-decree-92-66,15,1/2,
1536,15,1536,Ouadhia,واضية,executive-decree-91-306,executive-decree-91-306,executive-decree-91-306,15,13/1,
1537,15,1537,Azzefoun,أزفون,executive-decree-91-306,executive-decree-91-306,executive-decree-91-306,15,8/1,
1538,15,1538,Tigzirt,تيقزرت,executive-decree-91-306,executive-decree-91-306,executive-decree-91-306,15,10/1,
1539,15,1524,Djebel Aïssa Mimoun,جبل عيسى ميمون,executive-decree-91-306,executive-decree-91-306,executive-decree-91-306,15,6/3,
1540,15,1540,Boghni,بوغني,executive-decree-91-306,executive-decree-91-306,executive-decree-91-306,15,4/1,
1541,15,1518,Ifigha,ايفيغاء,executive-decree-91-306,executive-decree-91-306,executive-decree-91-306,15,3/5,
1542,15,1522,Aït Oumalou,آيت أومالو,executive-decree-92-66,executive-decree-92-66,executive-decree-92-66,15,2/2,
1543,15,1547,Tirmitine,تيرمتين,executive-decree-91-306,executive-decree-91-306,executive-decree-91-306,15,9/4,
1544,15,1537,Akerrou,أقرو,executive-decree-91-306,executive-decree-91-306,executive-decree-91-306,15,8/2,
1545,15,1552,Yatafène,ياطفان,executive-decree-91-306,executive-decree-91-306,executive-decree-91-306,15,16/2,
1546,15,1534,Béni Zeki,بني زكي,executive-decree-91-306,executive-decree-91-306,executive-decree-91-306,15,11/4,
1547,15,1547,Draa Ben Khedda,ذراع بن خدة,executive-decree-91-306,executive-decree-91-306,executive-decree-91-306,15,9/1,
1548,15,1548,Ouacif,واسيف,executive-decree-91-306,executive-decree-91-306,executive-decree-91-306,15,1/1,
1549,15,1534,Idjeur,إجر,executive-decree-91-306,executive-decree-91-306,executive-decree-91-306,15,11/2,
1550,15,1550,Mekla,مقلع,executive-decree-91-306,executive-decree-91-306,executive-decree-91-306,15,15/1,
1551,15,1536,Tizi N’talata,تيزي نثلاثة,executive-decree-91-306,executive-decree-91-306,executive-decree-91-306,15,13/3,
1552,15,1552,Béni Yenni,بني يني,executive-decree-91-306,executive-decree-91-306,executive-decree-91-306,15,16/1,
1553,15,1537,Aghrib,أغريب,executive-decree-91-306,executive-decree-91-306,executive-decree-91-306,15,8/4,
1554,15,1538,Iflissen,افليسن,executive-decree-91-306,executive-decree-91-306,executive-decree-91-306,15,10/2,
1555,15,1509,Boudjima,بوجيمة,executive-decree-91-306,executive-decree-91-306,executive-decree-91-306,15,20/2,
1556,15,1510,Aït Yahia Moussa,آيت يحي موسى,executive-decree-91-306,executive-decree-91-306,executive-decree-91-306,15,5/4,
1557,15,1529,Souk El Tenine,سوق الاثنين,executive-decree-91-306,executive-decree-91-306,executive-decree-91-306,15,14/2,
1558,15,1550,Aït Khelili,آيت خليلي,executive-decree-91-306,executive-decree-91-306,executive-decree-91-306,15,15/2,
1559,15,1547,Sidi Naamane,سيدي النعمان,executive-decree-91-306,executive-decree-91-306,executive-decree-91-306,15,9/3,
1560,15,1552,Iboudrarène,إبودرار,executive-decree-91-306,executive-decree-91-306,executive-decree-91-306,15,16/3,
1561,15,1536,Aghni Goughrane,أقنى قغران,executive-decree-91-306,executive-decree-91-306,executive-decree-91-306,15,13/2,
1562,15,1538,Mizrana,مزرانة,executive-decree-91-306,executive-decree-91-306,executive-decree-91-306,15,10/3,
1563,15,1517,Imsouhal,أمسوحال,executive-decree-91-306,executive-decree-91-306,executive-decree-91-306,15,17/2,
1564,15,1547,Tadmaït,تادمايت,executive-decree-91-306,executive-decree-91-306,executive-decree-91-306,15,9/2,
1565,15,1536,Aït Bouadou,آيت بوعدو,executive-decree-91-306,executive-decree-91-306,executive-decree-91-306,15,13/4,
1566,15,1540,Assi Youcef,سي يوسف,executive-decree-91-306,executive-decree-91-306,executive-decree-91-306,15,4/4,
1567,15,1548,Aït Toudert,آيت تودرت,executive-decree-91-306,executive-decree-91-306,executive-decree-91-306,15,1/3,
1601,16,,Alger Centre,الجزائر الوسطى,executive-decree-91-306,executive-decree-91-306,executive-decree-91-306,16,5/2,
1602,16,,Sidi M’Hamed,سيدى أمحمد,executive-decree-91-306,executive-decree-91-306,executive-decree-91-306,16,5/1,
1603,16,,El Madania,المدنية,executive-decree-91-306,executive-decree-91-306,executive-decree-91-306,16,12/2,
1604,16,,MOHAMED BELOUIZDAD,محمد بلوزداد,ons-2021,ons-2021,executive-decree-91-306,16,12/1,
1605,16,,Bab El Oued,باب الوادي,executive-decree-91-306,executive-decree-91-306,executive-decree-91-306,16,1/1,
1606,16,,Bologhine,بولوغين,executive-decree-91-306,executive-decree-91-306,executive-decree-91-306,16,10/1,
1607,16,,Casbah,القصبة,executive-decree-91-306,executive-decree-91-306,executive-decree-91-306,16,1/3,
1608,16,,Oued Koriche,وادي قريش,executive-decree-91-306,executive-decree-91-306,executive-decree-91-306,16,1/2,
1609,16,,Bir Mourad Raïs,بئر مراد رايس,executive-decree-91-306,executive-decree-91-306,executive-decree-91-306,16,3/1,
1610,16,,El Biar,الابيار,executive-decree-91-306,executive-decree-91-306,executive-decree-91-306,16,11/3,
1611,16,,Bouzaréah,بوزريعة,executive-decree-91-306,executive-decree-91-306,executive-decree-91-306,16,9/1,
1612,16,,Birkhadem,بئر خادم,executive-decree-91-306,executive-decree-91-306,executive-decree-91-306,16,3/3,
1613,16,,El Harrach,الحراش,executive-decree-91-306,executive-decree-91-306,executive-decree-91-306,16,2/1,
1614,16,,Baraki,براقي,executive-decree-91-306,executive-decree-91-306,executive-decree-91-306,16,8/1,
1615,16,,Oued Smar,وادي السمار,executive-decree-91-306,executive-decree-91-306,executive-decree-91-306,16,2/2,
1616,16,,Bourouba,بوروبة,executive-decree-91-306,executive-decree-91-306,executive-decree-91-306,16,7/1,
1617,16,,Hussein Dey,حسين داي,executive-decree-91-306,executive-decree-91-306,executive-decree-91-306,16,6/1,
1618,16,,Kouba,القبة,executive-decree-91-306,executive-decree-91-306,executive-decree-91-306,16,6/3,
1619,16,,Badjarah,باش جراح,executive-decree-91-306,executive-decree-91-306,executive-decree-91-306,16,7/2,
1620,16,,Dar El Beida,الدار البيضاء,executive-decree-91-306,executive-decree-91-306,executive-decree-91-306,16,4/1,
1621,16,,Bab Ezzouar,باب الزوار,executive-decree-91-306,executive-decree-91-306,executive-decree-91-306,16,4/2,
1622,16,,Ben Aknoun,ابن عكنون,executive-decree-91-306,executive-decree-91-306,executive-decree-91-306,16,11/1,
1623,16,,Dely Ibrahim,دالي ابراهيم,executive-decree-91-306,executive-decree-91-306,executive-decree-91-306,16,11/2,
1624,16,,Hammamet,الحمامات,executive-decree-91-306,executive-decree-91-306,executive-decree-91-306,16,10/3,
1625,16,,Raïs Hamidou,الرايس حميدو,executive-decree-91-306,executive-decree-91-306,executive-decree-91-306,16,10/2,
1626,16,,Gué de Constantine,جسر قسنطينة,executive-decree-91-306,executive-decree-91-306,executive-decree-91-306,16,8/2,
1627,16,,El Mouradia,المرادية,executive-decree-91-306,executive-decree-91-306,executive-decree-91-306,16,12/3,
1628,16,,Hydra,حيدرة,executive-decree-91-306,executive-decree-91-306,executive-decree-91-306,16,3/2,
1629,16,,Mohammedia,المحمدية,executive-decree-91-306,executive-decree-91-306,executive-decree-91-306,16,2/3,
1630,16,,Bordj El Kiffan,برج الكيفان,executive-decree-91-306,executive-decree-91-306,executive-decree-91-306,16,4/3,
1631,16,,Maquaria,المقارية,executive-decree-91-306,executive-decree-91-306,executive-decree-91-306,16,6/2,
1632,16,,Beni Messous,بني مسوس,executive-decree-91-306,executive-decree-91-306,executive-decree-91-306,16,9/2,
1633,16,,Eucalyptus,الكاليتوس,executive-decree-91-306,executive-decree-91-306,executive-decree-91-306,16,8/3,
1634,16,,Birtouta,بئر توتة,ordinance-97-14,ordinance-97-14,ordinance-97-14,4,1,
1635,16,,Tessala-El-Merdja,تسالة المرجة,ordinance-97-14,ordinance-97-14,ordinance-97-14,4,2,
1636,16,,Ouled Chebel,أولاد شبل,ordinance-97-14,ordinance-97-14,ordinance-97-14,4,3,
1637,16,,Sidi Moussa,سيدي موسى,ordinance-97-14,ordinance-97-14,ordinance-97-14,4,4,
1638,16,,Aïn Taya,عين طاية,ordinance-97-14,ordinance-97-14,ordinance-97-14,2,1,
1639,16,,Bordj-El-Bahri,برج البحري,ordinance-97-14,ordinance-97-14,ordinance-97-14,2,2,
1640,16,,El Marsa,المرسى,ordinance-97-14,ordinance-97-14,ordinance-97-14,2,3,
1641,16,,Heraoua,هراوة,ordinance-97-14,ordinance-97-14,ordinance-97-14,2,4,
1642,16,,Rouiba,الرويبة,ordinance-97-14,ordinance-97-14,ordinance-97-14,2,5,
1643,16,,Réghaïa,الرغاية,ordinance-97-14,ordinance-97-14,ordinance-97-14,2,6,
1644,16,,Aïn Bénian,عين البنيان,ordinance-97-14,ordinance-97-14,ordinance-97-14,3,1,
1645,16,,Staouéli,سطاوالي,ordinance-97-14,ordinance-97-14,ordinance-97-14,3,2,
1646,16,,Zéralda,زرالدة,ordinance-97-14,ordinance-97-14,ordinance-97-14,3,3,
1647,16,,Mâalma,معالمة,ordinance-97-14,ordinance-97-14,ordinance-97-14,3,4,
1648,16,,Rahmania,الرحمانية,ordinance-97-14,ordinance-97-14,ordinance-97-14,3,5,
1649,16,,Souidania,السويدانية,ordinance-97-14,ordinance-97-14,ordinance-97-14,3,6,
1650,16,,Chéraga,الشراقة,ordinance-97-14,ordinance-97-14,ordinance-97-14,3,7,
1651,16,,Ouled Fayet,أولاد فايت,ordinance-97-14,ordinance-97-14,ordinance-97-14,3,8,
1652,16,,El Achour,العاشور,ordinance-97-14,ordinance-97-14,ordinance-97-14,3,9,
1653,16,,Draria,الدرارية,ordinance-97-14,ordinance-97-14,ordinance-97-14,3,10,
1654,16,,Douéra,الدويرة,ordinance-97-14,ordinance-97-14,ordinance-97-14,3,11,
1655,16,,Baba Hassen,بابا حسن,ordinance-97-14,ordinance-97-14,ordinance-97-14,3,12,
1656,16,,Khraïcia,خرايسية,ordinance-97-14,ordinance-97-14,ordinance-97-14,3,13,
1657,16,,Saoula,السحاولة,ordinance-97-14,ordinance-97-14,ordinance-97-14,3,14,
1701,17,1701,Djelfa,الجلفة,executive-decree-26-253,executive-decree-26-253,executive-decree-26-253,17,1/1,
1702,17,1730,Moudjbara,المجبارة,executive-decree-26-253,executive-decree-26-253,executive-decree-26-253,17,4/2,
1703,17,1726,El Gueddid,القديد,executive-decree-26-253,executive-decree-26-253,executive-decree-26-253,17,6/2,
1704,17,1704,Hassi Bahbah,حاسي بحبح,executive-decree-26-253,executive-decree-26-253,executive-decree-26-253,17,2/1,
1705,17,1704,Aïn Maabed,عين معبد,executive-decree-26-253,executive-decree-26-253,executive-decree-26-253,17,2/2,
1706,66,1717,Sed Rahal,سد رحال,executive-decree-26-253,executive-decree-26-253,executive-decree-26-253,66,1/2,17
1707,66,1707,Faïdh El Botma,فيض البطمة,executive-decree-26-253,executive-decree-26-253,executive-decree-26-253,66,2/1,17
1708,65,1708,Birine,البيرين,executive-decree-26-253,executive-decree-26-253,executive-decree-26-253,65,2/1,17
1709,65,1720,Bouira Lahdab,بويرة الأحدب,executive-decree-26-253,executive-decree-26-253,executive-decree-26-253,65,3/3,17
1710,17,1730,Zaccar,زكار,executive-decree-26-253,executive-decree-26-253,executive-decree-26-253,17,4/4,
1711,65,1719,El Khemis,الخميس,executive-decree-26-253,executive-decree-26-253,executive-decree-26-253,65,4/2,17
1712,17,1725,Sidi Baïzid,سيدي بايزيد,executive-decree-26-253,executive-decree-26-253,executive-decree-26-253,17,5/2,
1713,17,1725,M’Liliha,المليليحة,executive-decree-26-253,executive-decree-26-253,executive-decree-26-253,17,5/3,
1714,17,1714,El Idrissia,الإدريسية,executive-decree-26-253,executive-decree-26-253,executive-decree-26-253,17,3/1,
1715,17,1714,Douis,الدويس,executive-decree-26-253,executive-decree-26-253,executive-decree-26-253,17,3/2,
1716,17,1704,Hassi El Euch,حاسي العش,executive-decree-26-253,executive-decree-26-253,executive-decree-26-253,17,2/3,
1717,66,1717,Messaad,مسعد,executive-decree-26-253,executive-decree-26-253,executive-decree-26-253,66,1/1,17
1718,66,1717,Guettara,قطارة,executive-decree-26-253,executive-decree-26-253,executive-decree-26-253,66,1/3,17
1719,65,1719,Sidi Ladjel,سيدي لعجال,executive-decree-26-253,executive-decree-26-253,executive-decree-26-253,65,4/1,17
1720,65,1720,Had Sahary,حد الصحاري,executive-decree-26-253,executive-decree-26-253,executive-decree-26-253,65,3/1,17
1721,65,1731,Guernini,قرنيني,executive-decree-26-253,executive-decree-26-253,executive-decree-26-253,65,1/2,17
1722,66,1717,Selmana,سلمانة,executive-decree-26-253,executive-decree-26-253,executive-decree-26-253,66,1/4,17
1723,17,1714,Aïn Chouhada,عين الشهداء,executive-decree-26-253,executive-decree-26-253,executive-decree-26-253,17,3/3,
1724,66,1707,Oum Laadham,أم العظام,executive-decree-26-253,executive-decree-26-253,executive-decree-26-253,66,2/2,17
1725,17,1725,Dar Chioukh,دار الشيوخ,executive-decree-26-253,executive-decree-26-253,executive-decree-26-253,17,5/1,
1726,17,1726,Charef,الشارف,executive-decree-26-253,executive-decree-26-253,executive-decree-26-253,17,6/1,
1727,17,1726,Béni Yaagoub,بن يعقوب,executive-decree-26-253,executive-decree-26-253,executive-decree-26-253,17,6/3,
1728,17,1704,Zaafrane,زعفران,executive-decree-26-253,executive-decree-26-253,executive-decree-26-253,17,2/4,
1729,66,1717,Deldoul,دلدول,executive-decree-26-253,executive-decree-26-253,executive-decree-26-253,66,1/5,17
1730,17,1730,Aïn El Ibel,عين الإبل,executive-decree-26-253,executive-decree-26-253,executive-decree-26-253,17,4/1,
1731,65,1731,Aïn Ouessara,عين وسارة,executive-decree-26-253,executive-decree-26-253,executive-decree-26-253,65,1/1,17
1732,65,1708,Benhar,بنهار,executive-decree-26-253,executive-decree-26-253,executive-decree-26-253,65,2/2,17
1733,65,1719,Hassi Fedoul,حاسي فدول,executive-decree-26-253,executive-decree-26-253,executive-decree-26-253,65,4/3,17
1734,66,1707,Amourah,عمورة,executive-decree-26-253,executive-decree-26-253,executive-decree-26-253,66,2/3,17
1735,65,1720,Aïn Fekka,عين فقة,executive-decree-26-253,executive-decree-26-253,executive-decree-26-253,65,3/2,17
1736,17,1730,Tadmit,تعظميت,executive-decree-26-253,executive-decree-26-253,executive-decree-26-253,17,4/3,
1801,18,1801,Jijel,جيجل,executive-decree-91-306,executive-decree-91-306,executive-decree-91-306,18,11/1,
1802,18,1804,Erraguène,اراقن,executive-decree-91-306,executive-decree-91-306,executive-decree-91-306,18,6/2,
1803,18,1803,El Aouana,العوانة,executive-decree-91-306,executive-decree-91-306,executive-decree-91-306,18,5/1,
1804,18,1804,Ziamah Mansouriah,زيامة منصورية,executive-decree-91-306,executive-decree-91-306,executive-decree-91-306,18,6/1,
1805,18,1805,Taher,الطاهير,executive-decree-91-306,executive-decree-91-306,executive-decree-91-306,18,3/1,
1806,18,1805,Emir Abdelkader,الأمير عبد القادر,executive-decree-91-306,executive-decree-91-306,executive-decree-91-306,18,3/4,
1807,18,1807,Chekfa,شقفة,executive-decree-91-306,executive-decree-91-306,executive-decree-91-306,18,8/1,
1808,18,1805,Chahna,الشحنة,executive-decree-91-306,executive-decree-91-306,executive-decree-91-306,18,3/2,
1809,18,1809,El Milia,الميلية,executive-decree-91-306,executive-decree-91-306,executive-decree-91-306,18,1/1,
1810,18,1810,Sidi Marouf,سيدي معروف,executive-decree-91-306,executive-decree-91-306,executive-decree-91-306,18,7/1,
1811,18,1811,Settara,السطارة,executive-decree-91-306,executive-decree-91-306,executive-decree-91-306,18,9/1,
1812,18,1812,El Ancer,العنصر,executive-decree-91-306,executive-decree-91-306,executive-decree-91-306,18,2/1,
1813,18,1807,Sidi Abdelaziz,سيدى عبد العزيز,executive-decree-91-306,executive-decree-91-306,executive-decree-91-306,18,8/3,
1814,18,1824,Kaous,قاوس,executive-decree-91-306,executive-decree-91-306,executive-decree-91-306,18,4/2,
1815,18,1811,Ghebala,غبالة,executive-decree-91-306,executive-decree-91-306,executive-decree-91-306,18,9/2,
1816,18,1812,Bouraoui Belhadef,بوراوى بلهادف,executive-decree-91-306,executive-decree-91-306,executive-decree-91-306,18,2/4,
1817,18,1817,Jimla,جيملة,executive-decree-91-306,executive-decree-91-306,executive-decree-91-306,18,10/1,
1818,18,1803,Selma Ben Ziada,سلمى بن زيادة,executive-decree-91-306,executive-decree-91-306,executive-decree-91-306,18,5/2,
1819,18,1805,Boucif Ouled Askeur,بوسيف أولاد عسكر,executive-decree-91-306,executive-decree-91-306,executive-decree-91-306,18,3/5,
1820,18,1807,El Kennar Nouchfi,القنار نوشفي,executive-decree-91-306,executive-decree-91-306,executive-decree-91-306,18,8/2,
1821,18,1809,Ouled Yahia khadrouche,أولاد يحي خدروش,executive-decree-91-306,executive-decree-91-306,executive-decree-91-306,18,1/2,
1822,18,1817,Boudria Beniyadjis,بودريعة بني ياجيس,executive-decree-91-306,ons-2021,executive-decree-91-306,18,10/2,
1823,18,1812,Khier Oued Adjoul,خير وادي عجول,executive-decree-91-306,executive-decree-91-306,executive-decree-91-306,18,2/2,
1824,18,1824,Texenna,تاكسانة,executive-decree-91-306,executive-decree-91-306,executive-decree-91-306,18,4/1,
1825,18,1812,Djemaa Beni Habibi,الجمعة بنى حبيبي,executive-decree-91-306,executive-decree-91-306,executive-decree-91-306,18,2/3,
1826,18,1807,Bordj T’Har,برج الطهر,executive-decree-91-306,executive-decree-91-306,executive-decree-91-306,18,8/4,
1827,18,1810,Ouled Rabah,أولاد رابح,executive-decree-91-306,executive-decree-91-306,executive-decree-91-306,18,7/2,
1828,18,1805,Oudjana,وجانة,executive-decree-91-306,executive-decree-91-306,executive-decree-91-306,18,3/3,
1901,19,1901,Sétif,سطيف,executive-decree-91-306,executive-decree-91-306,executive-decree-91-306,19,20/1,
1902,19,1902,Aïn El Kebira,العين الكبيرة,executive-decree-91-306,executive-decree-91-306,executive-decree-91-306,19,9/1,
1903,19,1903,Beni Aziz,بنى عزيز,executive-decree-91-306,executive-decree-91-306,executive-decree-91-306,19,2/1,
1904,19,1928,Ouled Si Ahmed,أولاد سى أحمد,executive-decree-91-306,executive-decree-91-306,executive-decree-91-306,19,5/2,
1905,19,1939,Boutaleb,بوطالب,executive-decree-91-306,executive-decree-91-306,executive-decree-91-306,19,10/5,
1906,19,1943,Aïn Roua,عين الروى,executive-decree-91-306,executive-decree-91-306,executive-decree-91-306,19,8/3,
1907,19,1950,Draa Kebila,ذراع القبيلة,executive-decree-91-306,executive-decree-91-306,executive-decree-91-306,19,11/2,
1908,19,1908,Bir El Arch,بئر العرش,executive-decree-91-306,executive-decree-91-306,executive-decree-91-306,19,19/1,
1909,19,1922,Beni Chebana,بنى شبانة,executive-decree-91-306,executive-decree-91-306,executive-decree-91-306,19,3/3,
1910,19,1939,Ouled Tebben,أولاد تبان,executive-decree-91-306,executive-decree-91-306,executive-decree-91-306,19,10/3,
1911,19,1939,Hamma,الحامة,executive-decree-91-306,executive-decree-91-306,executive-decree-91-306,19,10/2,
1912,19,1903,Maaouia,معاوية,executive-decree-91-306,executive-decree-91-306,executive-decree-91-306,19,2/3,
1913,19,1922,Aïn Legradj,عين لقراج,executive-decree-91-306,executive-decree-91-306,executive-decree-91-306,19,3/2,
1914,19,1926,Aïn Abessa,عين عباسة,executive-decree-91-306,executive-decree-91-306,executive-decree-91-306,19,1/2,
1915,19,1902,Dehamcha,الدهامشة,executive-decree-91-306,executive-decree-91-306,executive-decree-91-306,19,9/2,
1916,19,1916,Babor,بابور,executive-decree-91-306,executive-decree-91-306,executive-decree-91-306,19,14/1,
1917,19,1917,Guijel,قجال,executive-decree-91-306,executive-decree-91-306,executive-decree-91-306,19,13/1,
1918,19,1940,Aïn Lahdjar,عين الحجر,executive-decree-91-306,executive-decree-91-306,executive-decree-91-306,19,6/3,
1919,19,1930,Bousselam,بوسلام,executive-decree-91-306,executive-decree-91-306,executive-decree-91-306,19,4/2,
1920,19,1920,El Eulma,العلمة,executive-decree-91-306,executive-decree-91-306,executive-decree-91-306,19,7/1,
1921,19,1921,Djemila,جميلة,executive-decree-91-306,executive-decree-91-306,executive-decree-91-306,19,16/1,
1922,19,1922,Beni Ourtilane,بنى ورتيلان,executive-decree-91-306,executive-decree-91-306,executive-decree-91-306,19,3/1,
1923,19,1939,Rasfa,الرصفة,executive-decree-91-306,executive-decree-91-306,executive-decree-91-306,19,10/4,
1924,19,1902,Ouled Addouane,أولاد عدوان,executive-decree-91-306,executive-decree-91-306,executive-decree-91-306,19,9/3,
1925,19,1908,Belaa,بلعة,executive-decree-91-306,executive-decree-91-306,executive-decree-91-306,19,19/2,
1926,19,1926,Aïn Arnat,عين أرنات,executive-decree-91-306,executive-decree-91-306,executive-decree-91-306,19,1/1,
1927,19,1927,Amoucha,عموشة,executive-decree-91-306,executive-decree-91-306,executive-decree-91-306,19,12/1,
1928,19,1928,Aïn Oulmène,عين ولمان,executive-decree-91-306,executive-decree-91-306,executive-decree-91-306,19,5/1,
1929,19,1940,Beida Bordj,بيضاء البرج,executive-decree-91-306,executive-decree-91-306,executive-decree-91-306,19,6/2,
1930,19,1930,Bouandas,بوعنداس,executive-decree-91-306,executive-decree-91-306,executive-decree-91-306,19,4/1,
1931,19,1920,Bazer Sakra,بازر الصخرة,executive-decree-91-306,executive-decree-91-306,executive-decree-91-306,19,7/2,
1932,19,1932,Hammam Sokhna,حمام السخونة,executive-decree-91-306,executive-decree-91-306,executive-decree-91-306,19,15/1,
1933,19,1926,Mezloug,مزلوق,executive-decree-91-306,executive-decree-91-306,executive-decree-91-306,19,1/4,
1934,19,1940,Bir Heddada,بئر حدادة,executive-decree-91-306,executive-decree-91-306,executive-decree-91-306,19,6/4,
1935,19,1916,Serdj El Ghoul,سرج الغول,executive-decree-91-306,executive-decree-91-306,executive-decree-91-306,19,14/2,
1936,19,1941,Harbil,حربيل,executive-decree-91-306,executive-decree-91-306,executive-decree-91-306,19,18/2,
1937,19,1926,El Ouricia,الوريسية,executive-decree-91-306,executive-decree-91-306,executive-decree-91-306,19,1/3,
1938,19,1927,Tizi N’Bchar,تيزى نبشار,executive-decree-91-306,executive-decree-91-306,executive-decree-91-306,19,12/2,
1939,19,1939,Salah Bey,صالح باى,executive-decree-91-306,executive-decree-91-306,executive-decree-91-306,19,10/1,
1940,19,1940,Aïn Azel,عين أزال,executive-decree-91-306,executive-decree-91-306,executive-decree-91-306,19,6/1,
1941,19,1941,Gunzet,قنزات,executive-decree-91-306,executive-decree-91-306,executive-decree-91-306,19,18/1,
1942,19,1955,Tala Ifacène,تالة ايفاسن,executive-decree-91-306,executive-decree-91-306,executive-decree-91-306,19,17/2,
1943,19,1943,Bougaa,بوقاعة,executive-decree-91-306,executive-decree-91-306,executive-decree-91-306,19,8/1,
1944,19,1921,Beni Foudda,بنى فودة,executive-decree-91-306,executive-decree-91-306,executive-decree-91-306,19,16/2,
1945,19,1908,Tachouda,تاشودة,executive-decree-91-306,executive-decree-91-306,executive-decree-91-306,19,19/4,
1946,19,1922,Beni Mouhli,بنى موحلي,executive-decree-91-306,executive-decree-91-306,executive-decree-91-306,19,3/4,
1947,19,1917,Ouled Sabor,أولاد صابر,executive-decree-91-306,executive-decree-91-306,executive-decree-91-306,19,13/2,
1948,19,1928,Guellal,قلال,executive-decree-91-306,executive-decree-91-306,executive-decree-91-306,19,5/4,
1949,19,1903,Aïn Sebt,عين السبت,executive-decree-91-306,executive-decree-91-306,executive-decree-91-306,19,2/2,
1950,19,1950,Hammam Guergour,حمام القرقور,executive-decree-91-306,executive-decree-91-306,executive-decree-91-306,19,11/1,
1951,19,1930,Aït Naoual M’Zada,آيت نوال مزادة,executive-decree-91-306,executive-decree-91-306,executive-decree-91-306,19,4/4,
1952,19,1928,Kasr El Abtal,قصر الأبطال,executive-decree-91-306,executive-decree-91-306,executive-decree-91-306,19,5/3,
1953,19,1943,Beni Oussine,بنى وسين,executive-decree-91-306,executive-decree-91-306,executive-decree-91-306,19,8/2,
1954,19,1930,Aït Tizi,أيت تيزى,executive-decree-91-306,executive-decree-91-306,executive-decree-91-306,19,4/3,
1955,19,1955,Maoklane,ماوكلان,executive-decree-91-306,executive-decree-91-306,executive-decree-91-306,19,17/1,
1956,19,1920,Guelta Zerga,القلتة الزرقاء,executive-decree-91-306,executive-decree-91-306,executive-decree-91-306,19,7/3,
1957,19,1927,Oued Bared,الوادى البارد,executive-decree-91-306,executive-decree-91-306,executive-decree-91-306,19,12/3,
1958,19,1932,Taya,الطاية,executive-decree-91-306,executive-decree-91-306,executive-decree-91-306,19,15/2,
1959,19,1908,El Ouldja,الولجة,executive-decree-91-306,executive-decree-91-306,executive-decree-91-306,19,19/3,
1960,19,1932,Telaa,تلعة,executive-decree-91-306,executive-decree-91-306,executive-decree-91-306,19,15/3,
2001,20,2001,Saïda,سعيدة,executive-decree-91-306,executive-decree-91-306,executive-decree-91-306,20,6/1,
2002,20,2006,Doui Tabet,دوي ثابت,executive-decree-91-306,executive-decree-91-306,executive-decree-91-306,20,4/2,
2003,20,2003,Aïn El Hadjar,عين الحجر,executive-decree-91-306,executive-decree-91-306,executive-decree-91-306,20,1/1,
2004,20,2009,Ouled Khaled,أولاد خالد,executive-decree-91-306,executive-decree-91-306,executive-decree-91-306,20,3/2,
2005,20,2003,Moulay Larbi,مولاى العربي,executive-decree-91-306,executive-decree-91-306,executive-decree-91-306,20,1/2,
2006,20,2006,Youb,يوب,executive-decree-91-306,executive-decree-91-306,executive-decree-91-306,20,4/1,
2007,20,2009,Hounet,حنات,executive-decree-91-306,executive-decree-91-306,executive-decree-91-306,20,3/4,
2008,20,2009,Sidi Ammar,سيدى عمار,executive-decree-91-306,executive-decree-91-306,executive-decree-91-306,20,3/3,
2009,20,2009,Sidi Boubekeur,سيدى بوبكر,executive-decree-91-306,executive-decree-91-306,executive-decree-91-306,20,3/1,
2010,20,2010,Al Hassasna,الحساسنة,executive-decree-91-306,executive-decree-91-306,executive-decree-91-306,20,2/1,
2011,20,2010,Maamora,المعمورة,executive-decree-91-306,executive-decree-91-306,executive-decree-91-306,20,2/2,
2012,20,2003,Sidi Ahmed,سيدى أحمد,executive-decree-91-306,executive-decree-91-306,executive-decree-91-306,20,1/3,
2013,20,2010,Aïn Skhouna,العين السخونة,executive-decree-91-306,executive-decree-91-306,executive-decree-91-306,20,2/3,
2014,20,2014,Ouled Brahim,أولاد ابراهيم,executive-decree-91-306,executive-decree-91-306,executive-decree-91-306,20,5/1,
2015,20,2014,Tircine,تيرسين,executive-decree-91-306,executive-decree-91-306,executive-decree-91-306,20,5/2,
2016,20,2014,Aïn Soltane,عين السلطان,executive-decree-91-306,executive-decree-91-306,executive-decree-91-306,20,5/3,
2101,21,2101,Skikda,سكيكدة,executive-decree-91-306,executive-decree-91-306,executive-decree-91-306,21,13/1,
2102,21,2103,Aïn Zouit,عين زويت,executive-decree-91-306,executive-decree-91-306,executive-decree-91-306,21,7/2,
2103,21,2103,El Hadaiek,الحدائق,executive-decree-91-306,executive-decree-91-306,executive-decree-91-306,21,7/1,
2104,21,2104,Azzaba,عزابة,executive-decree-91-306,executive-decree-91-306,executive-decree-91-306,21,1/1,
2105,21,2104,Djendel Saadi Mohamed,جندل سعدي محمد,executive-decree-91-306,executive-decree-91-306,executive-decree-91-306,21,1/2,
2106,21,2104,Aïn Cherchar,عين شرشار,executive-decree-91-306,executive-decree-91-306,executive-decree-91-306,21,1/5,
2107,21,2108,Bekkouche Lakhdar,بكوش الأخضر,executive-decree-91-306,executive-decree-91-306,executive-decree-91-306,21,6/3,
2108,21,2108,Benazouz,ابن عزوز,executive-decree-91-306,executive-decree-91-306,executive-decree-91-306,21,6/1,
2109,21,2104,Essebt,السبت,executive-decree-91-306,executive-decree-91-306,executive-decree-91-306,21,1/3,
2110,21,2110,Collo,القل,executive-decree-91-306,executive-decree-91-306,executive-decree-91-306,21,5/1,
2111,21,2110,Beni Zid,بني زيد,executive-decree-91-306,executive-decree-91-306,executive-decree-91-306,21,5/2,
2112,21,2126,Kerkera,الكركرة,executive-decree-91-306,executive-decree-91-306,executive-decree-91-306,21,4/3,
2113,21,2113,Ouled Atia,أولاد عطية,executive-decree-91-306,executive-decree-91-306,executive-decree-91-306,21,11/1,
2114,21,2113,Oued Z’Hour,وادى الزهور,executive-decree-91-306,executive-decree-91-306,executive-decree-91-306,21,11/2,
2115,21,2115,Zitouna,الزيتونة,executive-decree-91-306,executive-decree-91-306,executive-decree-91-306,21,8/1,
2116,21,2116,El Harrouch,الحروش,executive-decree-91-306,executive-decree-91-306,executive-decree-91-306,21,3/1,
2117,21,2116,Zardezas,زردازة,executive-decree-91-306,executive-decree-91-306,executive-decree-91-306,21,3/2,
2118,21,2116,Ouled Hebaba,أولاد حبابة,executive-decree-91-306,executive-decree-91-306,executive-decree-91-306,21,3/4,
2119,21,2119,Sidi Mezghiche,سيدى مزغيش,executive-decree-91-306,executive-decree-91-306,executive-decree-91-306,21,9/1,
2120,21,2116,Emdjez Edchich,مجاز الدشيش,executive-decree-91-306,executive-decree-91-306,executive-decree-91-306,21,3/5,
2121,21,2119,Beni Oulbane,بني ولبان,executive-decree-91-306,executive-decree-91-306,executive-decree-91-306,21,9/3,
2122,21,2119,Aïn Bouziane,عين بوزيان,executive-decree-91-306,executive-decree-91-306,executive-decree-91-306,21,9/2,
2123,21,2123,Ramdane Djamel,رمضان جمال,executive-decree-91-306,executive-decree-91-306,executive-decree-91-306,21,2/1,
2124,21,2123,Beni Bachir,بني بشير,executive-decree-91-306,executive-decree-91-306,executive-decree-91-306,21,2/2,
2125,21,2116,Salah Bouchaour,صالح بو الشعور,executive-decree-91-306,executive-decree-91-306,executive-decree-91-306,21,3/3,
2126,21,2126,Tamalous,تمالوس,executive-decree-91-306,executive-decree-91-306,executive-decree-91-306,21,4/1,
2127,21,2127,Aïn Kechera,عين قشرة,executive-decree-91-306,executive-decree-91-306,executive-decree-91-306,21,12/1,
2128,21,2128,Oum Toub,أم الطوب,executive-decree-91-306,executive-decree-91-306,executive-decree-91-306,21,10/1,
2129,21,2126,Bein El Ouiden,بين الويدان,executive-decree-91-306,executive-decree-91-306,executive-decree-91-306,21,4/2,
2130,21,2101,Filfila,فلفلة,executive-decree-91-306,executive-decree-91-306,executive-decree-91-306,21,13/2,
2131,21,2110,Cheraia,الشرائع,executive-decree-91-306,executive-decree-91-306,executive-decree-91-306,21,5/3,
2132,21,2115,Kenoua,قنواع,executive-decree-91-306,executive-decree-91-306,executive-decree-91-306,21,8/2,
2133,21,2104,El Ghedir,الغدير,executive-decree-91-306,executive-decree-91-306,executive-decree-91-306,21,1/4,
2134,21,2103,Bouchtata,بوشطاطة,executive-decree-91-306,executive-decree-91-306,executive-decree-91-306,21,7/3,
2135,21,2127,Ouldja Boulballout,الولجة بوالبلوط,executive-decree-91-306,executive-decree-91-306,executive-decree-91-306,21,12/2,
2136,21,2113,Khenag Mayoun,خنق مايون,executive-decree-91-306,executive-decree-91-306,executive-decree-91-306,21,11/3,
2137,21,2101,Hammadi Krouma,حمادي كرومة,executive-decree-91-306,executive-decree-91-306,executive-decree-91-306,21,13/3,
2138,21,2108,El Marsa,المرسى,executive-decree-91-306,executive-decree-91-306,executive-decree-91-306,21,6/2,
2201,22,2201,Sidi Bel Abbes,سيدي بلعباس,executive-decree-91-306,executive-decree-91-306,executive-decree-91-306,22,15/1,
2202,22,2202,Tessala,تسالة,executive-decree-91-306,executive-decree-91-306,executive-decree-91-306,22,13/1,
2203,22,2228,Sidi Brahim,سيدي إبراهيم,executive-decree-91-306,executive-decree-91-306,executive-decree-91-306,22,7/4,
2204,22,2204,Mostepha Ben Brahim,مصطفى بن إبراهيم,executive-decree-91-306,executive-decree-91-306,executive-decree-91-306,22,11/1,
2205,22,2205,Telagh,تلاغ,executive-decree-91-306,executive-decree-91-306,executive-decree-91-306,22,4/1,
2206,22,2205,Mezaourou,مزاورو,executive-decree-91-306,executive-decree-91-306,executive-decree-91-306,22,4/4,
2207,22,2246,Boukhenefis,بوخنيفيس,executive-decree-91-306,executive-decree-91-306,executive-decree-91-306,22,14/2,
2208,22,2208,Sidi Ali Boussidi,سيدي علي بوسيدي,executive-decree-91-306,executive-decree-91-306,executive-decree-91-306,22,10/1,
2209,22,2245,Bedradine El Mokrani,بدر الدين المقراني,executive-decree-91-306,executive-decree-91-306,executive-decree-91-306,22,2/3,
2210,22,2210,Marhoum,مرحوم,executive-decree-91-306,executive-decree-91-306,executive-decree-91-306,22,9/1,
2211,22,2222,Tafessour,تافيسور,executive-decree-91-306,executive-decree-91-306,executive-decree-91-306,22,12/4,
2212,22,2214,Amarnas,أمرناس,executive-decree-91-306,executive-decree-91-306,executive-decree-91-306,22,1/3,
2213,22,2204,Tilmouni,تلموني,executive-decree-91-306,executive-decree-91-306,executive-decree-91-306,22,11/3,
2214,22,2214,Sidi Lahcène,سيدي لحسن,executive-decree-91-306,executive-decree-91-306,executive-decree-91-306,22,1/1,
2215,22,2202,Aïn Thrid,عين الثريد,executive-decree-91-306,executive-decree-91-306,executive-decree-91-306,22,13/2,
2216,22,2228,Makedra,مقدرة,executive-decree-91-306,executive-decree-91-306,executive-decree-91-306,22,7/2,
2217,22,2217,Tenira,تنيرة,executive-decree-91-306,executive-decree-91-306,executive-decree-91-306,22,6/1,
2218,22,2218,Moulay Slissen,مولاي سليسن,executive-decree-91-306,executive-decree-91-306,executive-decree-91-306,22,8/1,
2219,22,2218,Haçaiba,الحصيبة,executive-decree-91-306,executive-decree-91-306,executive-decree-91-306,22,8/2,
2220,22,2245,Hassi Zehana,حاسي زهانة,executive-decree-91-306,executive-decree-91-306,executive-decree-91-306,22,2/2,
2221,22,2246,Tabia,طابية,executive-decree-91-306,executive-decree-91-306,executive-decree-91-306,22,14/3,
2222,22,2222,Merine,مرين,executive-decree-91-306,executive-decree-91-306,executive-decree-91-306,22,12/1,
2223,22,2223,Ras El Ma,رأس الماء,executive-decree-91-306,executive-decree-91-306,executive-decree-91-306,22,5/1,
2224,22,2218,Aïn Tidamine,عين تيدمين,executive-decree-91-306,executive-decree-91-306,executive-decree-91-306,22,8/3,
2225,22,2208,Aïn Kada,عين قادة,executive-decree-91-306,executive-decree-91-306,executive-decree-91-306,22,10/3,
2226,22,2229,M’Cid,مسيد,executive-decree-91-306,executive-decree-91-306,executive-decree-91-306,22,3/4,
2227,22,2214,Sidi Khaled,سيدي خالد,executive-decree-91-306,executive-decree-91-306,executive-decree-91-306,22,1/2,
2228,22,2228,Aïn El Berd,عين البرد,executive-decree-91-306,executive-decree-91-306,executive-decree-91-306,22,7/1,
2229,22,2229,Sfisef,الزفيزف,executive-decree-91-306,executive-decree-91-306,executive-decree-91-306,22,3/1,
2230,22,2229,Aïn Adden,عين عدان,executive-decree-91-306,executive-decree-91-306,executive-decree-91-306,22,3/3,
2231,22,2222,Oued Taourira,وادي توريرة,executive-decree-91-306,executive-decree-91-306,executive-decree-91-306,22,12/2,
2232,22,2205,Dhaya,الضاية,executive-decree-91-306,executive-decree-91-306,executive-decree-91-306,22,4/3,
2233,22,2204,Zerrouala,زروالة,executive-decree-91-306,executive-decree-91-306,executive-decree-91-306,22,11/4,
2234,22,2208,Lemtar,لمطار,executive-decree-91-306,executive-decree-91-306,executive-decree-91-306,22,10/2,
2235,22,2210,Sidi Chaïb,سيدي شعيب,executive-decree-91-306,executive-decree-91-306,executive-decree-91-306,22,9/2,
2236,22,2208,Sidi Dahou Dezairs,سيدي دحو الزاير,executive-decree-91-306,executive-decree-91-306,executive-decree-91-306,22,10/4,
2237,22,2223,Oued Sebaa,وادي السبع,executive-decree-91-306,executive-decree-91-306,executive-decree-91-306,22,5/2,
2238,22,2229,Boudjebaa El Bordj,بوجبع البرج,executive-decree-91-306,executive-decree-91-306,executive-decree-91-306,22,3/2,
2239,22,2202,Sehala Thaoura,سحالة ثاورة,executive-decree-91-306,executive-decree-91-306,executive-decree-91-306,22,13/3,
2240,22,2214,Sidi Yacoub,سيدي يعقوب,executive-decree-91-306,executive-decree-91-306,executive-decree-91-306,22,1/4,
2241,22,2228,Sidi Hamadouche,سيدي حمادوش,executive-decree-91-306,executive-decree-91-306,executive-decree-91-306,22,7/3,
2242,22,2204,Belarbi,بلعربي,executive-decree-91-306,executive-decree-91-306,executive-decree-91-306,22,11/2,
2243,22,2217,Oued Sefioune,وادي سفيون,executive-decree-91-306,executive-decree-91-306,executive-decree-91-306,22,6/2,
2244,22,2205,Teghalimet,تغالميت,executive-decree-91-306,executive-decree-91-306,executive-decree-91-306,22,4/2,
2245,22,2245,Ben Badis,ابن باديس,executive-decree-91-306,executive-decree-91-306,executive-decree-91-306,22,2/1,
2246,22,2246,Sidi Ali Ben Youb,سيدي علي بن يوب,executive-decree-91-306,executive-decree-91-306,executive-decree-91-306,22,14/1,
2247,22,2245,Chetouane Belaila,شتوان بليلة,executive-decree-91-306,executive-decree-91-306,executive-decree-91-306,22,2/4,
2248,22,2210,Bir El H’Mam,بئر الحمام,executive-decree-91-306,executive-decree-91-306,executive-decree-91-306,22,9/3,
2249,22,2222,Taoudmout,تاودموت,executive-decree-91-306,executive-decree-91-306,executive-decree-91-306,22,12/3,
2250,22,2223,Redjem Demouche,رجم دموش,executive-decree-91-306,executive-decree-91-306,executive-decree-91-306,22,5/3,
2251,22,2217,Benachiba Chelia,بن عشيبة شلية,executive-decree-91-306,executive-decree-91-306,executive-decree-91-306,22,6/4,
2252,22,2217,Hassi Daho,حاسي دحو,executive-decree-91-306,executive-decree-91-306,executive-decree-91-306,22,6/3,
2301,23,2301,Annaba,عنابة,executive-decree-91-306,executive-decree-91-306,executive-decree-91-306,23,6/1,
2302,23,2302,Berrahal,برحال,executive-decree-91-306,executive-decree-91-306,executive-decree-91-306,23,2/1,
2303,23,2303,El Hadjar,الحجار,executive-decree-91-306,executive-decree-91-306,executive-decree-91-306,23,1/1,
2304,23,2309,El Eulma,العلمة,executive-decree-91-306,executive-decree-91-306,executive-decree-91-306,23,5/2,
2305,23,2305,El Bouni,البوني,executive-decree-91-306,executive-decree-91-306,executive-decree-91-306,23,3/1,
2306,23,2302,Oued El Aneb,وادي العنب,executive-decree-91-306,executive-decree-91-306,executive-decree-91-306,23,2/2,
2307,23,2309,Chorfa,الشرفاء,executive-decree-91-306,executive-decree-91-306,executive-decree-91-306,23,5/3,
2308,23,2301,Seraïdi,سرايدي,executive-decree-91-306,executive-decree-91-306,executive-decree-91-306,23,6/2,
2309,23,2309,Aïn El Berda,العين الباردة,executive-decree-91-306,executive-decree-91-306,executive-decree-91-306,23,5/1,
2310,23,2310,Chetaïbi,شطايبي,executive-decree-91-306,executive-decree-91-306,executive-decree-91-306,23,4/1,
2311,23,2303,Sidi Amar,سيدي عامر,executive-decree-91-306,executive-decree-91-306,executive-decree-91-306,23,1/2,
2312,23,2302,Treat,التريعات,executive-decree-91-306,executive-decree-91-306,executive-decree-91-306,23,2/3,
2401,24,2401,Guelma,قالمة,executive-decree-91-306,executive-decree-91-306,executive-decree-91-306,24,10/1,
2402,24,2418,Nechmaya,نشماية,executive-decree-91-306,executive-decree-91-306,executive-decree-91-306,24,1/2,
2403,24,2426,Bouati Mahmoud,بوعاطي محمود,executive-decree-91-306,executive-decree-91-306,executive-decree-91-306,24,6/3,
2404,24,2404,Oued Zenati,وادي زناتي,executive-decree-91-306,executive-decree-91-306,executive-decree-91-306,24,4/1,
2405,24,2413,Tamlouka,تاملوكة,executive-decree-91-306,executive-decree-91-306,executive-decree-91-306,24,8/3,
2406,24,2425,Oued Fraga,وادي فراغا,executive-decree-91-306,executive-decree-91-306,executive-decree-91-306,24,2/3,
2407,24,2415,Aïn Sandel,عين صندل,executive-decree-91-306,executive-decree-91-306,executive-decree-91-306,24,3/3,
2408,24,2427,Ras El Agba,رأس العقبة,executive-decree-91-306,executive-decree-91-306,executive-decree-91-306,24,9/3,
2409,24,2422,Dahouara,الدهوارة,executive-decree-91-306,executive-decree-91-306,executive-decree-91-306,24,7/3,
2410,24,2418,Belkheir,بلخير,executive-decree-91-306,executive-decree-91-306,executive-decree-91-306,24,1/6,
2411,24,2401,Badjarah,باجراح,executive-decree-91-306,executive-decree-91-306,executive-decree-91-306,24,10/2,
2412,24,2419,Bouhamdane,بوحمدان,executive-decree-91-306,executive-decree-91-306,executive-decree-91-306,24,5/2,
2413,24,2413,Aïn Makhlouf,عين مخلوف,executive-decree-91-306,executive-decree-91-306,executive-decree-91-306,24,8/1,
2414,24,2425,Aïn Ben Beida,عين بن بيضاء,executive-decree-91-306,executive-decree-91-306,executive-decree-91-306,24,2/4,
2415,24,2415,Khzara,خزارة,executive-decree-91-306,executive-decree-91-306,executive-decree-91-306,24,3/1,
2416,24,2418,Beni Mezline,بني مزلين,executive-decree-91-306,executive-decree-91-306,executive-decree-91-306,24,1/5,
2417,24,2415,Bouhachana,بوحشانة,executive-decree-91-306,executive-decree-91-306,executive-decree-91-306,24,3/2,
2418,24,2418,Guelaat Bousbaa,قلعة بوسبع,executive-decree-91-306,executive-decree-91-306,executive-decree-91-306,24,1/1,
2419,24,2419,Hammam Debagh,حمام دباغ,executive-decree-91-306,executive-decree-91-306,executive-decree-91-306,24,5/1,
2420,24,2426,El Fedjoudj,الفجوج,executive-decree-91-306,executive-decree-91-306,executive-decree-91-306,24,6/2,
2421,24,2404,Bordj Sabat,برج صباط,executive-decree-91-306,executive-decree-91-306,executive-decree-91-306,24,4/3,
2422,24,2422,Hammam N’Bails,حمام النبايل,executive-decree-91-306,executive-decree-91-306,executive-decree-91-306,24,7/1,
2423,24,2413,Aïn Larbi,عين العربي,executive-decree-91-306,executive-decree-91-306,executive-decree-91-306,24,8/2,
2424,24,2427,Medjez Amar,مجاز عمار,executive-decree-91-306,executive-decree-91-306,executive-decree-91-306,24,9/2,
2425,24,2425,Bouchegouf,بوشقوف,executive-decree-91-306,executive-decree-91-306,executive-decree-91-306,24,2/1,
2426,24,2426,Heliopolis,هيليو بوليس,executive-decree-91-306,executive-decree-91-306,executive-decree-91-306,24,6/1,
2427,24,2427,HOUARI BOUMEDIENE,هواري بومدين,ons-2021,ons-2021,executive-decree-91-306,24,9/1,
2428,24,2419,Roknia,الركنية,executive-decree-91-306,executive-decree-91-306,executive-decree-91-306,24,5/3,
2429,24,2427,Sellaoua Announa,سلاوة عنونة,executive-decree-91-306,executive-decree-91-306,executive-decree-91-306,24,9/4,
2430,24,2425,Medjez Sfa,مجاز الصفاء,executive-decree-91-306,executive-decree-91-306,executive-decree-91-306,24,2/2,
2431,24,2418,Boumahra Ahmed,بومهرة أحمد,executive-decree-91-306,executive-decree-91-306,executive-decree-91-306,24,1/4,
2432,24,2404,Ain Regada,عين رقادة,executive-decree-91-306,executive-decree-91-306,executive-decree-91-306,24,4/2,
2433,24,2422,Oued Cheham,وادي الشحم,executive-decree-91-306,executive-decree-91-306,executive-decree-91-306,24,7/2,
2434,24,2418,Djebala Khemissi,جبالة الخميسي,executive-decree-91-306,executive-decree-91-306,executive-decree-91-306,24,1/3,
2501,25,2501,Constantine,قسنطينة,executive-decree-91-306,executive-decree-91-306,executive-decree-91-306,25,6/1,
2502,25,2502,Hamma Bouziane,حامة بوزيان,executive-decree-91-306,executive-decree-91-306,executive-decree-91-306,25,4/1,
2503,25,2507,Ben Badis,ابن باديس,executive-decree-91-306,executive-decree-91-306,executive-decree-91-306,25,3/2,
2504,25,2504,Zighoud Youcef,زيغود يوسف,executive-decree-91-306,executive-decree-91-306,executive-decree-91-306,25,2/1,
2505,25,2502,Didouche Mourad,ديدوش مراد,executive-decree-91-306,executive-decree-91-306,executive-decree-91-306,25,4/2,
2506,25,2506,El Khroub,الخروب,executive-decree-18-302,executive-decree-18-302,executive-decree-18-302,25,1/1,
2507,25,2507,Aïn Abid,عين عبيد,executive-decree-91-306,executive-decree-91-306,executive-decree-91-306,25,3/1,
2508,25,2504,Beni Hamidane,بني حميدان,executive-decree-91-306,executive-decree-91-306,executive-decree-91-306,25,2/2,
2509,25,2506,Ouled Rahmoun,أولاد رحمون,executive-decree-18-302,executive-decree-18-302,executive-decree-18-302,25,1/2,
2510,25,2510,Aïn Smara,عين السمارة,executive-decree-18-302,executive-decree-18-302,executive-decree-18-302,25,2/1,
2511,25,2512,Messaoud Boudjeriou,مسعود بوجريو,executive-decree-91-306,executive-decree-91-306,executive-decree-91-306,25,5/2,
2512,25,2512,Ibn Ziad,ابن زياد,executive-decree-91-306,executive-decree-91-306,executive-decree-91-306,25,5/1,
2601,26,2601,Médéa,المدية,executive-decree-26-253,executive-decree-26-253,executive-decree-26-253,26,1/1,
2602,26,2602,Ouzera,وزرة,executive-decree-26-253,executive-decree-26-253,executive-decree-26-253,26,2/1,
2603,67,2604,Ouled Maaref,أولاد معرف,executive-decree-26-253,executive-decree-26-253,executive-decree-26-253,67,3/4,26
2604,67,2604,Aïn Boucif,عين بوسيف,executive-decree-26-253,executive-decree-26-253,executive-decree-26-253,67,3/1,26
2605,26,2652,Aïssaouia,العيساوية,executive-decree-26-253,executive-decree-26-253,executive-decree-26-253,26,5/4,
2606,26,2647,Ouled Deïde,أولاد ذايد,executive-decree-26-253,executive-decree-26-253,executive-decree-26-253,26,3/2,
2607,26,2607,El Omaria,العمارية,executive-decree-26-253,executive-decree-26-253,executive-decree-26-253,26,4/1,
2608,67,2632,Derrag,دراق,executive-decree-26-253,executive-decree-26-253,executive-decree-26-253,67,2/3,26
2609,26,2609,EL Guelb El Kebir,القلب الكبير,executive-decree-26-253,executive-decree-26-253,executive-decree-26-253,26,12/1,
2610,67,2638,Bouaiche,البواعيش,executive-decree-26-253,executive-decree-26-253,executive-decree-26-253,67,5/3,26
2611,26,2652,Mezghenna,مزغنة,executive-decree-26-253,executive-decree-26-253,executive-decree-26-253,26,5/3,
2612,26,2607,Ouled Brahim,أولاد ابراهيم,executive-decree-26-253,executive-decree-26-253,executive-decree-26-253,26,4/2,
2613,26,2602,Tizi Mahdi,تيزي مهدي,executive-decree-26-253,executive-decree-26-253,executive-decree-26-253,26,2/3,
2614,26,2633,Sidi Ziane,سيدي زيان,executive-decree-26-253,executive-decree-26-253,executive-decree-26-253,26,10/2,
2615,26,2601,Tamezguida,تمزقيدة,executive-decree-26-253,executive-decree-26-253,executive-decree-26-253,26,1/3,
2616,26,2602,El Hamdania,الحمدانية,executive-decree-26-253,executive-decree-26-253,executive-decree-26-253,26,2/2,
2617,67,2604,Kef Lakhdar,الكاف الأخضر,executive-decree-26-253,executive-decree-26-253,executive-decree-26-253,67,3/5,26
2618,67,2618,Chelalet El Adhaoura,شلالة العذاورة,executive-decree-26-253,executive-decree-26-253,executive-decree-26-253,67,4/1,26
2619,26,2646,Bouskène,بوسكن,executive-decree-26-253,executive-decree-26-253,executive-decree-26-253,26,6/3,
2620,26,2647,Rebaïa,الربعية,executive-decree-26-253,executive-decree-26-253,executive-decree-26-253,26,3/3,
2621,26,2626,Bouchrahil,بوشراحيل,executive-decree-26-253,executive-decree-26-253,executive-decree-26-253,26,13/2,
2622,67,2658,Ouled Hellal,أولاد هلال,executive-decree-26-253,executive-decree-26-253,executive-decree-26-253,67,6/3,26
2623,67,2618,Tafraout,تافراوت,executive-decree-26-253,executive-decree-26-253,executive-decree-26-253,67,4/3,26
2624,26,2607,Baata,بعطة,executive-decree-26-253,executive-decree-26-253,executive-decree-26-253,26,4/3,
2625,67,2658,Boghar,بوغار,executive-decree-26-253,executive-decree-26-253,executive-decree-26-253,67,6/2,26
2626,26,2626,Sidi Naamane,سيدي نعمان,executive-decree-26-253,executive-decree-26-253,executive-decree-26-253,26,13/1,
2627,26,2644,Ouled Bouachra,أولاد بوعشرة,executive-decree-26-253,executive-decree-26-253,executive-decree-26-253,26,7/2,
2628,26,2633,Sidi Zahar,سيدي زهار,executive-decree-26-253,executive-decree-26-253,executive-decree-26-253,26,10/3,
2629,26,2643,Oued Harbil,وادي حربيل,executive-decree-26-253,executive-decree-26-253,executive-decree-26-253,26,11/2,
2630,26,2602,Benchicao,بن شكاو,executive-decree-26-253,executive-decree-26-253,executive-decree-26-253,26,2/4,
2631,67,2604,Sidi Damed,سيدي دمد,executive-decree-26-253,executive-decree-26-253,executive-decree-26-253,67,3/2,26
2632,67,2632,Aziz,عزيز,executive-decree-26-253,executive-decree-26-253,executive-decree-26-253,67,2/1,26
2633,26,2633,Souagui,السواقي,executive-decree-26-253,executive-decree-26-253,executive-decree-26-253,26,10/1,
2634,26,2648,Zoubiria,الزبيرية,executive-decree-26-253,executive-decree-26-253,executive-decree-26-253,26,8/2,
2635,67,2635,Ksar El Boukhari,قصر البخاري,executive-decree-26-253,executive-decree-26-253,executive-decree-26-253,67,1/1,26
2636,26,2636,El Azizia,العزيزية,executive-decree-26-253,executive-decree-26-253,executive-decree-26-253,26,9/1,
2637,26,2633,Djouab,جواب,executive-decree-26-253,executive-decree-26-253,executive-decree-26-253,26,10/4,
2638,67,2638,Chahbounia,الشهبونية,executive-decree-26-253,executive-decree-26-253,executive-decree-26-253,67,5/1,26
2639,26,2636,Meghraoua,مغراوة,executive-decree-26-253,executive-decree-26-253,executive-decree-26-253,26,9/2,
2640,67,2618,Cheniguel,شنيقل,executive-decree-26-253,executive-decree-26-253,executive-decree-26-253,67,4/4,26
2641,67,2618,Ain Ouksir,عين القصير,executive-decree-26-253,executive-decree-26-253,executive-decree-26-253,67,4/2,26
2642,67,2632,Oum El Djallil,أم الجليل,executive-decree-26-253,executive-decree-26-253,executive-decree-26-253,67,2/2,26
2643,26,2643,Ouamri,وامري,executive-decree-26-253,executive-decree-26-253,executive-decree-26-253,26,11/1,
2644,26,2644,Si Mahdjoub,سي المحجوب,executive-decree-26-253,executive-decree-26-253,executive-decree-26-253,26,7/1,
2645,26,2648,Eddouair,الدواير,executive-decree-26-253,executive-decree-26-253,executive-decree-26-253,26,8/3,
2646,26,2646,Béni Slimane,بني سليمان,executive-decree-26-253,executive-decree-26-253,executive-decree-26-253,26,6/1,
2647,26,2647,Berrouaghia,البرواقية,executive-decree-26-253,executive-decree-26-253,executive-decree-26-253,26,3/1,
2648,26,2648,Seghouane,سغوان,executive-decree-26-253,executive-decree-26-253,executive-decree-26-253,26,8/1,
2649,67,2635,M’Fatha,المفاتحة,executive-decree-26-253,executive-decree-26-253,executive-decree-26-253,67,1/3,26
2650,26,2636,Mihoub,ميهوب,executive-decree-26-253,executive-decree-26-253,executive-decree-26-253,26,9/3,
2651,67,2638,Boughezoul,بوغزول,executive-decree-26-253,executive-decree-26-253,executive-decree-26-253,67,5/2,26
2652,26,2652,Tablat,تابلاط,executive-decree-26-253,executive-decree-26-253,executive-decree-26-253,26,5/1,
2653,26,2652,Deux Bassins,الحوضان,executive-decree-26-253,executive-decree-26-253,executive-decree-26-253,26,5/2,
2654,26,2601,Draa Essamar,ذراع السمار,executive-decree-26-253,executive-decree-26-253,executive-decree-26-253,26,1/2,
2655,26,2646,Sidi Errabie,سيدي الربيع,executive-decree-26-253,executive-decree-26-253,executive-decree-26-253,26,6/2,
2656,26,2609,Bir Ben Abed,بئر بن عابد,executive-decree-26-253,executive-decree-26-253,executive-decree-26-253,26,12/3,
2657,67,2604,El Ouinet,العوينات,executive-decree-26-253,executive-decree-26-253,executive-decree-26-253,67,3/3,26
2658,67,2658,Ouled Antar,أولاد عنتر,executive-decree-26-253,executive-decree-26-253,executive-decree-26-253,67,6/1,26
2659,26,2644,Bouaïchoune,بوعيشون,executive-decree-26-253,executive-decree-26-253,executive-decree-26-253,26,7/3,
2660,26,2643,Hannacha,حناشة,executive-decree-26-253,executive-decree-26-253,executive-decree-26-253,26,11/3,
2661,26,2609,Sedraïa,سدراية,executive-decree-26-253,executive-decree-26-253,executive-decree-26-253,26,12/2,
2662,26,2648,Medjebar,مجبر,executive-decree-26-253,executive-decree-26-253,executive-decree-26-253,26,8/4,
2663,26,2626,Khamsa Djoumaa,خمس جوامع,executive-decree-26-253,executive-decree-26-253,executive-decree-26-253,26,13/3,
2664,67,2635,Saneg,السانق,executive-decree-26-253,executive-decree-26-253,executive-decree-26-253,67,1/2,26
2701,27,2701,Mostaganem,مستغانم,executive-decree-91-306,executive-decree-91-306,executive-decree-91-306,27,10/1,
2702,27,2711,Sayada,صيادة,executive-decree-91-306,executive-decree-91-306,executive-decree-91-306,27,8/3,
2703,27,2705,Fornaka,فرناقة,executive-decree-91-306,executive-decree-91-306,executive-decree-91-306,27,6/2,
2704,27,2706,Stidia,ستيدية,executive-decree-91-306,executive-decree-91-306,executive-decree-91-306,27,1/2,
2705,27,2705,Aïn Nouicy,عين نويسي,executive-decree-91-306,executive-decree-91-306,executive-decree-91-306,27,6/1,
2706,27,2706,Hassi Mameche,حاسي معمش,executive-decree-91-306,executive-decree-91-306,executive-decree-91-306,27,1/1,
2707,27,2707,Aïn Tédeles,عين تادلس,executive-decree-91-306,executive-decree-91-306,executive-decree-91-306,27,2/1,
2708,27,2707,Sour,صور,executive-decree-91-306,executive-decree-91-306,executive-decree-91-306,27,2/2,
2709,27,2707,Oued El Kheir,وادي الخير,executive-decree-91-306,executive-decree-91-306,executive-decree-91-306,27,2/4,
2710,27,2707,Sidi Bellatar,سيدى بلعطار,executive-decree-91-306,executive-decree-91-306,executive-decree-91-306,27,2/3,
2711,27,2711,Kheir Eddine,خير الدين,executive-decree-91-306,executive-decree-91-306,executive-decree-91-306,27,8/1,
2712,27,2712,Sidi Ali,سيدي علي,executive-decree-91-306,executive-decree-91-306,executive-decree-91-306,27,4/1,
2713,27,2716,Benabdelmalek Ramdane,بن عبد المالك رمضان,executive-decree-91-306,executive-decree-91-306,executive-decree-91-306,27,9/3,
2714,27,2716,Hadjajd,حجاج,executive-decree-91-306,executive-decree-91-306,executive-decree-91-306,27,9/2,
2715,27,2717,Nekmaria,نكمارية,executive-decree-91-306,executive-decree-91-306,executive-decree-91-306,27,5/2,
2716,27,2716,Sidi Lakhdar,سيدى الاخضر,executive-decree-91-306,executive-decree-91-306,executive-decree-91-306,27,9/1,
2717,27,2717,Achacha,عشعاشة,executive-decree-91-306,executive-decree-91-306,executive-decree-91-306,27,5/1,
2718,27,2717,Khadra,خضراء,executive-decree-91-306,executive-decree-91-306,executive-decree-91-306,27,5/3,
2719,27,2719,Bouguirat,بوقيراط,executive-decree-91-306,executive-decree-91-306,executive-decree-91-306,27,3/1,
2720,27,2719,Sirat,سيرات,executive-decree-91-306,executive-decree-91-306,executive-decree-91-306,27,3/3,
2721,27,2722,Aïn Sidi Chrif,عين سيدى الشريف,executive-decree-91-306,executive-decree-91-306,executive-decree-91-306,27,7/2,
2722,27,2722,Masra,ماسرة,executive-decree-91-306,executive-decree-91-306,executive-decree-91-306,27,7/1,
2723,27,2722,Mansoura,منصورة,executive-decree-91-306,executive-decree-91-306,executive-decree-91-306,27,7/4,
2724,27,2719,Souaflia,السوافلية,executive-decree-91-306,executive-decree-91-306,executive-decree-91-306,27,3/2,
2725,27,2717,Ouled Boughalem,أولاد بوغالم,executive-decree-91-306,executive-decree-91-306,executive-decree-91-306,27,5/4,
2726,27,2712,Ouled Maalah,أولاد مع الله,executive-decree-91-306,executive-decree-91-306,executive-decree-91-306,27,4/3,
2727,27,2706,Mezeghrane,مزغران,executive-decree-91-306,executive-decree-91-306,executive-decree-91-306,27,1/3,
2728,27,2711,Aïn Boudinar,عين بودينار,executive-decree-91-306,executive-decree-91-306,executive-decree-91-306,27,8/2,
2729,27,2712,Tazgait,تزقايت,executive-decree-91-306,executive-decree-91-306,executive-decree-91-306,27,4/2,
2730,27,2719,Safsaf,صفصاف,executive-decree-91-306,executive-decree-91-306,executive-decree-91-306,27,3/4,
2731,27,2722,Touahria,الطواهرية,executive-decree-91-306,executive-decree-91-306,executive-decree-91-306,27,7/3,
2732,27,2705,El Hassaine,الحسيان,executive-decree-91-306,executive-decree-91-306,executive-decree-91-306,27,6/3,
2801,28,2801,M’Sila,المسيلة,executive-decree-26-253,executive-decree-26-253,executive-decree-26-253,28,1/1,
2802,28,2804,Maadid,المعاضيد,executive-decree-26-253,executive-decree-26-253,executive-decree-26-253,28,3/2,
2803,28,2803,Hammam Dhalaa,حمام الضلعة,executive-decree-26-253,executive-decree-26-253,executive-decree-26-253,28,2/1,
2804,28,2804,Ouled Derradj,أولاد دراج,executive-decree-26-253,executive-decree-26-253,executive-decree-26-253,28,3/1,
2805,28,2803,Tarmount,تارمونت,executive-decree-26-253,executive-decree-26-253,executive-decree-26-253,28,2/3,
2806,28,2804,M’Tarfa,المطارفة,executive-decree-26-253,executive-decree-26-253,executive-decree-26-253,28,3/4,
2807,68,2807,Khoubana,الخبانة,executive-decree-26-253,executive-decree-26-253,executive-decree-26-253,68,3/1,28
2808,68,2807,M’Cif,امسيف,executive-decree-26-253,executive-decree-26-253,executive-decree-26-253,68,3/2,28
2809,28,2809,Chellal,الشلال,executive-decree-26-253,executive-decree-26-253,executive-decree-26-253,28,6/1,
2810,28,2809,Ouled Madhi,أولاد ماضي,executive-decree-26-253,executive-decree-26-253,executive-decree-26-253,28,6/2,
2811,28,2811,Magra,مقرة,executive-decree-26-253,executive-decree-26-253,executive-decree-26-253,28,5/1,
2812,28,2811,Berhoum,برهوم,executive-decree-26-253,executive-decree-26-253,executive-decree-26-253,28,5/3,
2813,28,2811,Aïn Khadra,عين الخضراء,executive-decree-26-253,executive-decree-26-253,executive-decree-26-253,28,5/4,
2814,28,2804,Ouled Addi Guebala,أولاد عدي القبالة,executive-decree-26-253,executive-decree-26-253,executive-decree-26-253,28,3/5,
2815,28,2811,Belaïba,بلعايبة,executive-decree-26-253,executive-decree-26-253,executive-decree-26-253,28,5/2,
2816,28,2816,Sidi Aïssa,سيدي عيسى,executive-decree-26-253,executive-decree-26-253,executive-decree-26-253,28,4/1,
2817,28,2817,Aïn El Hadjel,عين الحجل,executive-decree-26-253,executive-decree-26-253,executive-decree-26-253,28,7/1,
2818,28,2817,Sidi Hadjerès,سيدي هجرس,executive-decree-26-253,executive-decree-26-253,executive-decree-26-253,28,7/2,
2819,28,2803,Ouanougha,ونوغة,executive-decree-26-253,executive-decree-26-253,executive-decree-26-253,28,2/2,
2820,68,2820,Bou Saada,بوسعادة,executive-decree-26-253,executive-decree-26-253,executive-decree-26-253,68,1/1,28
2821,68,2821,Ouled Sidi Brahim,أولاد سيدي إبراهيم,executive-decree-26-253,executive-decree-26-253,executive-decree-26-253,68,5/1,28
2822,68,2822,Sidi Ameur,سيدي عامر,executive-decree-26-253,executive-decree-26-253,executive-decree-26-253,68,6/1,28
2823,68,2822,Tamsa,تامسة,executive-decree-26-253,executive-decree-26-253,executive-decree-26-253,68,6/2,28
2824,68,2824,Ben Srour,بن سرور,executive-decree-26-253,executive-decree-26-253,executive-decree-26-253,68,8/1,28
2825,68,2824,Ouled Slimane,أولاد سليمان,executive-decree-26-253,executive-decree-26-253,executive-decree-26-253,68,8/2,28
2826,68,2807,El Houamed,الحوامد,executive-decree-26-253,executive-decree-26-253,executive-decree-26-253,68,3/3,28
2827,68,2820,El Hamel,الهامل,executive-decree-26-253,executive-decree-26-253,executive-decree-26-253,68,1/2,28
2828,28,2803,Ouled Mansour,أولاد منصور,executive-decree-26-253,executive-decree-26-253,executive-decree-26-253,28,2/4,
2829,28,2809,Maarif,المعاريف,executive-decree-26-253,executive-decree-26-253,executive-decree-26-253,28,6/4,
2830,28,2811,Dehahna,الدهاهنة,executive-decree-26-253,executive-decree-26-253,executive-decree-26-253,28,5/5,
2831,28,2816,Bouti Sayah,بوطي السايح,executive-decree-26-253,executive-decree-26-253,executive-decree-26-253,28,4/3,
2832,28,2809,Khetouti Sed El Djir,خطوطي سد الجير,executive-decree-26-253,executive-decree-26-253,executive-decree-26-253,28,6/3,
2833,68,2824,Zarzour,الزرزور,executive-decree-26-253,executive-decree-26-253,executive-decree-26-253,68,8/3,28
2834,68,2824,Mouhamed Boudiaf,محمد بوضياف,executive-decree-26-253,executive-decree-26-253,executive-decree-26-253,68,8/4,28
2835,68,2821,Benzouh,بنزوه,executive-decree-26-253,executive-decree-26-253,executive-decree-26-253,68,5/2,28
2836,68,2841,Bir Foda,بئر الفضة,executive-decree-26-253,executive-decree-26-253,executive-decree-26-253,68,7/2,28
2837,68,2841,Aïn Farès,عين فارس,executive-decree-26-253,executive-decree-26-253,executive-decree-26-253,68,7/3,28
2838,68,2841,Sidi M’Hamed,سيدي امحمد,executive-decree-26-253,executive-decree-26-253,executive-decree-26-253,68,7/4,28
2839,68,2842,Menaa,مناعة,executive-decree-26-253,executive-decree-26-253,executive-decree-26-253,68,4/2,28
2840,28,2804,Souamaa,السوامع,executive-decree-26-253,executive-decree-26-253,executive-decree-26-253,28,3/3,
2841,68,2841,Aïn El Meleh,عين الملح,executive-decree-26-253,executive-decree-26-253,executive-decree-26-253,68,7/1,28
2842,68,2842,Medjedel,امجدل,executive-decree-26-253,executive-decree-26-253,executive-decree-26-253,68,4/1,28
2843,68,2847,Slim,سليم,executive-decree-26-253,executive-decree-26-253,executive-decree-26-253,68,2/2,28
2844,68,2841,Aïn Errich,عين الريش,executive-decree-26-253,executive-decree-26-253,executive-decree-26-253,68,7/5,28
2845,28,2816,Béni Ilmane,بني يلمان,executive-decree-26-253,executive-decree-26-253,executive-decree-26-253,28,4/2,
2846,68,2820,Oultem,ولتام,executive-decree-26-253,executive-decree-26-253,executive-decree-26-253,68,1/3,28
2847,68,2847,Djebel Messaad,جبل مساعد,executive-decree-26-253,executive-decree-26-253,executive-decree-26-253,68,2/1,28
2901,29,2901,Mascara,معسكر,executive-decree-91-306,executive-decree-91-306,executive-decree-91-306,29,16/1,
2902,29,2902,Bouhanifia,بوحنيفية,executive-decree-91-306,executive-decree-91-306,executive-decree-91-306,29,1/1,
2903,29,2903,Tizi,تيزي,executive-decree-91-306,executive-decree-91-306,executive-decree-91-306,29,12/1,
2904,29,2902,Hacine,حسين,executive-decree-91-306,executive-decree-91-306,executive-decree-91-306,29,1/2,
2905,29,2912,Maoussa,ماوسة,executive-decree-91-306,executive-decree-91-306,executive-decree-91-306,29,3/2,
2906,29,2906,Tighenif,تيغنيف,executive-decree-91-306,executive-decree-91-306,executive-decree-91-306,29,2/1,
2907,29,2907,Rachem,الحشم,executive-decree-91-306,executive-decree-91-306,executive-decree-91-306,29,6/1,
2908,29,2906,Sidi Kada,سيدى قادة,executive-decree-91-306,executive-decree-91-306,executive-decree-91-306,29,2/3,
2909,29,2907,Zelamta,زلامطة,executive-decree-91-306,executive-decree-91-306,executive-decree-91-306,29,6/2,
2910,29,2910,Oued El Abtal,وادي الأبطال,executive-decree-91-306,executive-decree-91-306,executive-decree-91-306,29,11/1,
2911,29,2910,Aïn Ferah,عين فراح,executive-decree-91-306,executive-decree-91-306,executive-decree-91-306,29,11/2,
2912,29,2912,Ghriss,غريس,executive-decree-91-306,executive-decree-91-306,executive-decree-91-306,29,3/1,
2913,29,2903,Froha,فروحة,executive-decree-91-306,executive-decree-91-306,executive-decree-91-306,29,12/3,
2914,29,2912,Matemore,مطمور,executive-decree-91-306,executive-decree-91-306,executive-decree-91-306,29,3/3,
2915,29,2912,Makdha,ماقضة,executive-decree-91-306,executive-decree-91-306,executive-decree-91-306,29,3/5,
2916,29,2912,Sidi Boussaïd,سيدى بوسعيد,executive-decree-91-306,executive-decree-91-306,executive-decree-91-306,29,3/4,
2917,29,2917,El Bordj,البرج,executive-decree-91-306,executive-decree-91-306,executive-decree-91-306,29,8/1,
2918,29,2918,Aïn Fekkan,عين فكان,executive-decree-91-306,executive-decree-91-306,executive-decree-91-306,29,15/1,
2919,29,2923,Bénian,بنيان,executive-decree-91-306,executive-decree-91-306,executive-decree-91-306,29,10/2,
2920,29,2917,Khalouia,خلوية,executive-decree-91-306,executive-decree-91-306,executive-decree-91-306,29,8/3,
2921,29,2917,El Menaouer,المنور,executive-decree-91-306,executive-decree-91-306,executive-decree-91-306,29,8/2,
2922,29,2922,Oued Taria,وادي طاغية,executive-decree-91-306,executive-decree-91-306,executive-decree-91-306,29,13/1,
2923,29,2923,Aouf,عوف,executive-decree-91-306,executive-decree-91-306,executive-decree-91-306,29,10/1,
2924,29,2924,Aïn Fares,عين فارس,executive-decree-91-306,executive-decree-91-306,executive-decree-91-306,29,9/1,
2925,29,2918,Ain Frass,عين الفرس,executive-decree-91-306,executive-decree-91-306,executive-decree-91-306,29,15/2,
2926,29,2926,Sig,سيق,executive-decree-91-306,executive-decree-91-306,executive-decree-91-306,29,5/1,
2927,29,2927,Oggaz,عكاز,executive-decree-91-306,executive-decree-91-306,executive-decree-91-306,29,14/1,
2928,29,2927,El Alaimia,العلايمية,executive-decree-91-306,executive-decree-91-306,executive-decree-91-306,29,14/3,
2929,29,2930,El Gaada,القعدة,executive-decree-91-306,executive-decree-91-306,executive-decree-91-306,29,7/2,
2930,29,2930,Zahana,زهانة,executive-decree-91-306,executive-decree-91-306,executive-decree-91-306,29,7/1,
2931,29,2931,Mohammedia,المحمدية,executive-decree-91-306,executive-decree-91-306,executive-decree-91-306,29,4/1,
2932,29,2931,Sidi Abdelmoumène,سيدي عبد المؤمن,executive-decree-91-306,executive-decree-91-306,executive-decree-91-306,29,4/3,
2933,29,2931,Ferraguig,فراقيق,executive-decree-91-306,executive-decree-91-306,executive-decree-91-306,29,4/6,
2934,29,2931,El Ghomri,الغمري,executive-decree-91-306,executive-decree-91-306,executive-decree-91-306,29,4/2,
2935,29,2931,Sedjerara,سجرارة,executive-decree-91-306,executive-decree-91-306,executive-decree-91-306,29,4/4,
2936,29,2931,Mocta Douz,مقطع الدوز,executive-decree-91-306,executive-decree-91-306,executive-decree-91-306,29,4/5,
2937,29,2926,Bou Henni,بوهنى,executive-decree-91-306,executive-decree-91-306,executive-decree-91-306,29,5/3,
2938,29,2902,El Gueithna,القطنة,executive-decree-91-306,executive-decree-91-306,executive-decree-91-306,29,1/3,
2939,29,2924,Mamounia,المأمونية,executive-decree-91-306,executive-decree-91-306,executive-decree-91-306,29,9/2,
2940,29,2903,El Keurt,القرط,executive-decree-91-306,executive-decree-91-306,executive-decree-91-306,29,12/2,
2941,29,2923,Gharouss,غروس,executive-decree-91-306,executive-decree-91-306,executive-decree-91-306,29,10/3,
2942,29,2922,Guerdjoum,قرجوم,executive-decree-91-306,executive-decree-91-306,executive-decree-91-306,29,13/2,
2943,29,2926,Chorfa,الشرفاء,executive-decree-91-306,executive-decree-91-306,executive-decree-91-306,29,5/2,
2944,29,2927,Ras Ain Amirouche,رأس عين عميروش,executive-decree-91-306,executive-decree-91-306,executive-decree-91-306,29,14/2,
2945,29,2907,Nesmoth,نسموط,executive-decree-91-306,executive-decree-91-306,executive-decree-91-306,29,6/3,
2946,29,2910,Sidi Abdeldjebar,سيدي عبد الجبار,executive-decree-91-306,executive-decree-91-306,executive-decree-91-306,29,11/3,
2947,29,2906,Sehailia,السحايلية,executive-decree-91-306,executive-decree-91-306,executive-decree-91-306,29,2/2,
3001,30,3001,Ouargla,ورقلة,executive-decree-21-198,executive-decree-21-198,executive-decree-21-198,30,1/1,
3002,30,3011,Aïn Beida,عين البيضاء,executive-decree-21-198,executive-decree-21-198,executive-decree-21-198,30,3/2,
3003,30,3003,N’Goussa,نقوسة,executive-decree-21-198,executive-decree-21-198,executive-decree-21-198,30,4/1,
3004,30,3004,Hassi Messaoud,حاسي مسعود,executive-decree-21-198,executive-decree-21-198,executive-decree-21-198,30,2/1,
3005,30,3001,Rouissat,الرويسات,executive-decree-21-198,executive-decree-21-198,executive-decree-21-198,30,1/2,
3011,30,3011,Sidi Khouiled,سيدي خويلد,executive-decree-21-198,executive-decree-21-198,executive-decree-21-198,30,3/1,
3012,30,3011,Hassi Ben Abdellah,حاسي بن عبد الله,executive-decree-21-198,executive-decree-21-198,executive-decree-21-198,30,3/3,
3021,30,3021,El Borma,البرمة,executive-decree-21-198,executive-decree-21-198,executive-decree-21-198,30,5/1,
3101,31,3101,Oran,وهران,executive-decree-91-306,executive-decree-91-306,executive-decree-91-306,31,9/1,
3102,31,3102,Gdyel,قديل,executive-decree-91-306,executive-decree-91-306,executive-decree-91-306,31,6/1,
3103,31,3103,Bir El Djir,بئر الجير,executive-decree-91-306,executive-decree-91-306,executive-decree-91-306,31,8/1,
3104,31,3103,Hassi Bounif,حاسي بونيف,executive-decree-91-306,executive-decree-91-306,executive-decree-91-306,31,8/2,
3105,31,3105,Es Senia,السانية,executive-decree-18-302,executive-decree-18-302,executive-decree-18-302,31,1/1,
3106,31,3106,Arzew,أرزيو,executive-decree-91-306,executive-decree-91-306,executive-decree-91-306,31,3/1,
3107,31,3107,Bethioua,بطيوة,executive-decree-91-306,executive-decree-91-306,executive-decree-91-306,31,5/1,
3108,31,3107,Mersa El Hadjadj,مرسى الحجاج,executive-decree-91-306,executive-decree-91-306,executive-decree-91-306,31,5/2,
3109,31,3109,Aïn Turk,عين الترك,executive-decree-91-306,executive-decree-91-306,executive-decree-91-306,31,2/1,
3110,31,3109,El Ançar,العنصر,executive-decree-91-306,executive-decree-91-306,executive-decree-91-306,31,2/4,
3111,31,3111,Oued Tlelat,وادي تليلات,executive-decree-91-306,executive-decree-91-306,executive-decree-91-306,31,7/1,
3112,31,3111,Tafraoui,طفراوى,executive-decree-91-306,executive-decree-91-306,executive-decree-91-306,31,7/2,
3113,31,3105,Sidi Chahmi,سيدي الشحمي,executive-decree-18-302,executive-decree-18-302,executive-decree-18-302,31,1/3,
3114,31,3111,Boufatis,بوفطيس,executive-decree-91-306,executive-decree-91-306,executive-decree-91-306,31,7/4,
3115,31,3109,Mers El Kebir,المرسى الكبير,executive-decree-91-306,executive-decree-91-306,executive-decree-91-306,31,2/2,
3116,31,3109,Bousfer,بوسفر,executive-decree-91-306,executive-decree-91-306,executive-decree-91-306,31,2/3,
3117,31,3105,El Kerma,الكرمة,executive-decree-18-302,executive-decree-18-302,executive-decree-18-302,31,1/2,
3118,31,3111,El Braya,البراية,executive-decree-91-306,executive-decree-91-306,executive-decree-91-306,31,7/3,
3119,31,3103,Hassi Benokba,حاسي بن عقبة,executive-decree-91-306,executive-decree-91-306,executive-decree-91-306,31,8/3,
3120,31,3102,Ben Freha,بن فريحة,executive-decree-91-306,executive-decree-91-306,executive-decree-91-306,31,6/3,
3121,31,3102,Hassi Mefsoukh,حاسي مفسوخ,executive-decree-91-306,executive-decree-91-306,executive-decree-91-306,31,6/2,
3122,31,3106,Sidi Benyebka,سيدي بن يبقى,executive-decree-91-306,executive-decree-91-306,executive-decree-91-306,31,3/2,
3123,31,3105,Misserghin,مسرغين,executive-decree-18-302,executive-decree-18-302,executive-decree-18-302,31,1/4,
3124,31,3124,Boutlelis,بوتليليس,executive-decree-18-302,executive-decree-18-302,executive-decree-18-302,31,4/1,
3125,31,3124,Aïn El Karma,عين الكرمة,executive-decree-18-302,executive-decree-18-302,executive-decree-18-302,31,4/2,
3126,31,3107,Aïn Biya,عين البية,executive-decree-91-306,executive-decree-91-306,executive-decree-91-306,31,5/3,
3201,32,3201,El Bayadh,البيض,executive-decree-26-253,executive-decree-26-253,executive-decree-26-253,32,1/1,
3202,32,3202,Rogassa,روقاصة,executive-decree-26-253,executive-decree-26-253,executive-decree-26-253,32,4/1,
3203,32,3206,Stitten,استيتن,executive-decree-26-253,executive-decree-26-253,executive-decree-26-253,32,3/4,
3204,32,3204,Brézina,بريزينة,executive-decree-26-253,executive-decree-26-253,executive-decree-26-253,32,5/1,
3205,32,3204,Ghassoul,الغاسول,executive-decree-26-253,executive-decree-26-253,executive-decree-26-253,32,5/2,
3206,32,3206,Boualem,بوعلام,executive-decree-26-253,executive-decree-26-253,executive-decree-26-253,32,3/1,
3207,69,3207,El Abiodh Sidi Cheikh,الأبيض سيدي الشيخ,executive-decree-26-253,executive-decree-26-253,executive-decree-26-253,69,1/1,32
3208,69,3207,Aïn El Orak,عين العراك,executive-decree-26-253,executive-decree-26-253,executive-decree-26-253,69,1/2,32
3209,69,3207,Arbaouat,أربوات,executive-decree-26-253,executive-decree-26-253,executive-decree-26-253,69,1/3,32
3210,32,3210,Bougtoub,بوقطب,executive-decree-26-253,executive-decree-26-253,executive-decree-26-253,32,2/1,
3211,32,3210,El Kheïther,الخيثر,executive-decree-26-253,executive-decree-26-253,executive-decree-26-253,32,2/2,
3212,32,3202,Kef El Ahmar,الكاف الاحمر,executive-decree-26-253,executive-decree-26-253,executive-decree-26-253,32,4/3,
3213,69,3213,Boussemghoun,بوسمغون,executive-decree-26-253,executive-decree-26-253,executive-decree-26-253,69,3/1,32
3214,69,3214,Chellala,الشلالة,executive-decree-26-253,executive-decree-26-253,executive-decree-26-253,69,2/1,32
3215,32,3204,Krakda,كراكدة,executive-decree-26-253,executive-decree-26-253,executive-decree-26-253,32,5/3,
3216,69,3207,El Bnoud,البنود,executive-decree-26-253,executive-decree-26-253,executive-decree-26-253,69,1/4,32
3217,32,3202,Cheguig,الشقيق,executive-decree-26-253,executive-decree-26-253,executive-decree-26-253,32,4/2,
3218,32,3206,Sidi Amar,سيدي عمر,executive-decree-26-253,executive-decree-26-253,executive-decree-26-253,32,3/3,
3219,69,3214,El Meharra,المحرة,executive-decree-26-253,executive-decree-26-253,executive-decree-26-253,69,2/2,32
3220,32,3210,Tousmouline,توسمولين,executive-decree-26-253,executive-decree-26-253,executive-decree-26-253,32,2/3,
3221,32,3206,Sidi Slimane,سيدي سليمان,executive-decree-26-253,executive-decree-26-253,executive-decree-26-253,32,3/5,
3222,32,3206,Sidi Tifour,سيدي طيفور,executive-decree-26-253,executive-decree-26-253,executive-decree-26-253,32,3/2,
3301,33,3301,Illizi,إيليزي,executive-decree-21-198,executive-decree-21-198,executive-decree-21-198,33,1/1,
3303,33,3303,Deb Deb,دبداب,executive-decree-21-198,executive-decree-21-198,executive-decree-21-198,33,4/1,
3304,33,3304,Bordj Omar Driss,برج عمر ادريس,executive-decree-21-198,executive-decree-21-198,executive-decree-21-198,33,2/1,
3306,33,3306,In Amenas,إن أميناس,executive-decree-21-198,executive-decree-21-198,executive-decree-21-198,33,3/1,
3401,34,3401,Bordj Bou Arréridj,برج بوعريريج,executive-decree-91-306,executive-decree-91-306,executive-decree-91-306,34,10/1,
3402,34,3402,Ras El Oued,رأس الوادي,executive-decree-91-306,executive-decree-91-306,executive-decree-91-306,34,3/1,
3403,34,3403,Bordj Zemmoura,برج زمورة,executive-decree-91-306,executive-decree-91-306,executive-decree-91-306,34,7/1,
3404,34,3404,Mansourah,المنصورة,executive-decree-91-306,executive-decree-91-306,executive-decree-91-306,34,2/1,
3405,34,3404,El Mehir,المهير,executive-decree-91-306,executive-decree-91-306,executive-decree-91-306,34,2/4,
3406,34,3404,Ben Daoud,بن داود,executive-decree-91-306,executive-decree-91-306,executive-decree-91-306,34,2/2,
3407,34,3413,El Achir,الياشير,executive-decree-91-306,executive-decree-91-306,executive-decree-91-306,34,1/4,
3408,34,3408,Ain Taghrout,عين تاغروت,executive-decree-91-306,executive-decree-91-306,executive-decree-91-306,34,9/1,
3409,34,3409,Bordj Ghdir,برج الغدير,executive-decree-91-306,executive-decree-91-306,executive-decree-91-306,34,4/1,
3410,34,3431,Sidi M’Barek,سيدي مبارك,executive-decree-91-306,executive-decree-91-306,executive-decree-91-306,34,6/3,
3411,34,3411,El Hamadia,الحمادية,executive-decree-91-306,executive-decree-91-306,executive-decree-91-306,34,5/1,
3412,34,3409,Belimour,بليمور,executive-decree-91-306,executive-decree-91-306,executive-decree-91-306,34,4/3,
3413,34,3413,Medjana,مجانة,executive-decree-91-306,executive-decree-91-306,executive-decree-91-306,34,1/1,
3414,34,3413,Theniet En Nasr,ثنية النصر,executive-decree-91-306,executive-decree-91-306,executive-decree-91-306,34,1/2,
3415,34,3415,Djaafra,الجعافرة,executive-decree-91-306,executive-decree-91-306,executive-decree-91-306,34,8/1,
3416,34,3415,El Main,الماين,executive-decree-91-306,executive-decree-91-306,executive-decree-91-306,34,8/2,
3417,34,3402,Ouled Braham,أولاد إبراهيم,executive-decree-91-306,executive-decree-91-306,executive-decree-91-306,34,3/2,
3418,34,3403,Ouled Dahmane,أولاد دحمان,executive-decree-91-306,executive-decree-91-306,executive-decree-91-306,34,7/3,
3419,34,3413,Hasnaoua,حسناوة,executive-decree-91-306,executive-decree-91-306,executive-decree-91-306,34,1/3,
3420,34,3431,Khelil,خليل,executive-decree-91-306,executive-decree-91-306,executive-decree-91-306,34,6/2,
3421,34,3409,Taglait,تقليت,executive-decree-91-306,executive-decree-91-306,executive-decree-91-306,34,4/5,
3422,34,3411,Ksour,القصور,executive-decree-91-306,executive-decree-91-306,executive-decree-91-306,34,5/4,
3423,34,3404,Ouled Sidi Brahim,اولاد سيدي ابراهيم,executive-decree-91-306,executive-decree-91-306,executive-decree-91-306,34,2/5,
3424,34,3415,Tafreg,تفرق,executive-decree-91-306,executive-decree-91-306,executive-decree-91-306,34,8/3,
3425,34,3415,Colla,القلة,executive-decree-91-306,executive-decree-91-306,executive-decree-91-306,34,8/4,
3426,34,3408,Tixter,تيكستر,executive-decree-91-306,executive-decree-91-306,executive-decree-91-306,34,9/2,
3427,34,3411,El Ach,العش,executive-decree-91-306,executive-decree-91-306,executive-decree-91-306,34,5/2,
3428,34,3409,El Anceur,العنصر,executive-decree-91-306,executive-decree-91-306,executive-decree-91-306,34,4/4,
3429,34,3403,Tasmart,تسمرت,executive-decree-91-306,executive-decree-91-306,executive-decree-91-306,34,7/2,
3430,34,3402,Aïn Tesra,عين تسرة,executive-decree-91-306,executive-decree-91-306,executive-decree-91-306,34,3/3,
3431,34,3431,Bir Kasdali,بئر قصد علي,executive-decree-91-306,executive-decree-91-306,executive-decree-91-306,34,6/1,
3432,34,3409,Ghilassa,غيلاسة,executive-decree-91-306,executive-decree-91-306,executive-decree-91-306,34,4/2,
3433,34,3411,Rabta,الرابطة,executive-decree-91-306,executive-decree-91-306,executive-decree-91-306,34,5/3,
3434,34,3404,Haraza,حرازة,executive-decree-91-306,executive-decree-91-306,executive-decree-91-306,34,2/3,
3501,35,3501,Boumerdes,بومرداس,executive-decree-91-306,executive-decree-91-306,executive-decree-91-306,35,10/1,
3502,35,3502,Boudouaou,بودواو,executive-decree-91-306,executive-decree-91-306,executive-decree-91-306,35,2/1,
3504,35,3528,Afir,عفر,executive-decree-92-66,executive-decree-92-66,executive-decree-92-66,35,5/3,
3505,35,3505,Bordj Menaiel,برج منايل,executive-decree-92-66,executive-decree-92-66,executive-decree-92-66,35,1/1,
3506,35,3506,Baghlia,بغلية,executive-decree-92-66,executive-decree-92-66,executive-decree-92-66,35,4/1,
3507,35,3506,Sidi Daoud,سيدي داود,executive-decree-92-66,executive-decree-92-66,executive-decree-92-66,35,4/2,
3508,35,3508,Naciria,الناصرية,executive-decree-92-66,executive-decree-92-66,executive-decree-92-66,35,2/1,
3509,35,3505,Djinet,جينات,executive-decree-92-66,executive-decree-92-66,executive-decree-92-66,35,1/2,
3510,35,3510,Isser,يسر,executive-decree-92-66,executive-decree-92-66,executive-decree-92-66,35,3/1,
3511,35,3505,Zemouri,زموري,executive-decree-92-66,executive-decree-92-66,executive-decree-92-66,35,1/4,
3512,35,3510,Si Mustapha,سي مصطفى,executive-decree-92-66,executive-decree-92-66,executive-decree-92-66,35,3/3,
3513,35,3501,Tidjelabine,تجلبين,executive-decree-91-306,executive-decree-91-306,executive-decree-91-306,35,10/3,
3514,35,3510,Chaabet El Ameur,شعبة العامر,executive-decree-92-66,executive-decree-92-66,executive-decree-92-66,35,3/2,
3515,35,3515,Thenia,الثنية,executive-decree-91-306,executive-decree-91-306,executive-decree-91-306,35,5/1,
3518,35,3508,Timezrit,تمزريت,executive-decree-92-66,executive-decree-92-66,executive-decree-92-66,35,2/2,
3519,35,3501,Corso,قورصو,executive-decree-91-306,executive-decree-91-306,executive-decree-91-306,35,10/2,
3520,35,3537,Ouled Moussa,اولاد موسى,executive-decree-91-306,executive-decree-91-306,executive-decree-91-306,35,7/4,
3521,35,3537,Larbatache,الاربعطاش,executive-decree-91-306,executive-decree-91-306,executive-decree-91-306,35,7/3,
3522,35,3502,Keddara,قدارة,executive-decree-91-306,executive-decree-91-306,executive-decree-91-306,35,2/3,
3525,35,3506,Touarga,توارقة,executive-decree-92-66,executive-decree-92-66,executive-decree-92-66,35,4/3,
3526,35,3505,Ouled Aissa,أولاد عيسى,executive-decree-92-66,executive-decree-92-66,executive-decree-92-66,35,1/5,
3527,35,3528,Benchoud,بن شود,executive-decree-92-66,executive-decree-92-66,executive-decree-92-66,35,5/2,
3528,35,3528,Dellys,دلس,executive-decree-92-66,executive-decree-92-66,executive-decree-92-66,35,5/1,
3529,35,3515,Ammal,عمال,executive-decree-91-306,executive-decree-91-306,executive-decree-91-306,35,5/4,
3530,35,3515,Beni Amrane,بني عمران,executive-decree-91-306,executive-decree-91-306,executive-decree-91-306,35,5/3,
3531,35,3515,Souk El Had,سوق الأحد,executive-decree-91-306,executive-decree-91-306,executive-decree-91-306,35,5/2,
3532,35,,Boudouaou El Bahri,بودواو البحري,executive-decree-91-306,executive-decree-91-306,executive-decree-91-306,35,8/4,
3533,35,,Ouled Hadjadj,أولاد حجاج,executive-decree-91-306,executive-decree-91-306,executive-decree-91-306,35,8/3,
3535,35,3505,Lagata,لقاطة,executive-decree-92-66,executive-decree-92-66,executive-decree-92-66,35,1/3,
3536,35,3537,Hammedi,حمادي,executive-decree-91-306,executive-decree-91-306,executive-decree-91-306,35,7/2,
3537,35,3537,Khemis El Khechna,خميس الخشنة,executive-decree-91-306,executive-decree-91-306,executive-decree-91-306,35,7/1,
3538,35,3502,El Kharouba,الخروبة,executive-decree-91-306,executive-decree-91-306,executive-decree-91-306,35,2/2,
3601,36,3601,El Tarf,الطارف,executive-decree-91-306,executive-decree-91-306,executive-decree-91-306,36,7/1,
3602,36,3602,Bouhadjar,بوحجار,executive-decree-91-306,executive-decree-91-306,executive-decree-91-306,36,3/1,
3603,36,3603,Ben M’Hidi,بن مهيدي,executive-decree-91-306,executive-decree-91-306,executive-decree-91-306,36,2/1,
3604,36,3601,Bouggous,بوقوس,executive-decree-91-306,executive-decree-91-306,executive-decree-91-306,36,7/3,
3605,36,3605,El Kala,القالة,executive-decree-91-306,executive-decree-91-306,executive-decree-91-306,36,4/1,
3606,36,3601,Aïn El Assel,عين العسل,executive-decree-91-306,executive-decree-91-306,executive-decree-91-306,36,7/2,
3607,36,3605,El Aïoun,العيون,executive-decree-91-306,executive-decree-91-306,executive-decree-91-306,36,4/3,
3608,36,3608,Bouteldja,بوثلجة,executive-decree-91-306,executive-decree-91-306,executive-decree-91-306,36,6/1,
3609,36,3605,Souarekh,السوارخ,executive-decree-91-306,executive-decree-91-306,executive-decree-91-306,36,4/2,
3610,36,3603,Berrihane,بريحان,executive-decree-91-306,executive-decree-91-306,executive-decree-91-306,36,2/3,
3611,36,3608,Lac des oiseaux,بحيرة الطيور,executive-decree-91-306,executive-decree-91-306,executive-decree-91-306,36,6/2,
3612,36,3608,Cheffia,الشافية,executive-decree-91-306,executive-decree-91-306,executive-decree-91-306,36,6/3,
3613,36,3613,Drean,الذرعان,executive-decree-91-306,executive-decree-91-306,executive-decree-91-306,36,1/1,
3614,36,3613,Chihani,شهاني,executive-decree-91-306,executive-decree-91-306,executive-decree-91-306,36,1/3,
3615,36,3613,Chbaita Mokhtar,شبايطة مختار,executive-decree-91-306,executive-decree-91-306,executive-decree-91-306,36,1/2,
3616,36,3616,Besbes,البسباس,executive-decree-91-306,executive-decree-91-306,executive-decree-91-306,36,5/1,
3617,36,3616,Asfour,عصفور,executive-decree-91-306,executive-decree-91-306,executive-decree-91-306,36,5/3,
3618,36,3603,Chatt,الشط,executive-decree-91-306,executive-decree-91-306,executive-decree-91-306,36,2/2,
3619,36,3616,Zerizer,زريزر,executive-decree-91-306,executive-decree-91-306,executive-decree-91-306,36,5/2,
3620,36,3601,Zitouna,الزيتونة,executive-decree-91-306,executive-decree-91-306,executive-decree-91-306,36,7/4,
3621,36,3602,Aïn Karma,عين الكرمة,executive-decree-91-306,executive-decree-91-306,executive-decree-91-306,36,3/3,
3622,36,3602,Oued Zitoun,وادي الزيتون,executive-decree-91-306,executive-decree-91-306,executive-decree-91-306,36,3/2,
3623,36,3602,Hammam Beni Salah,حمام بن صالح,executive-decree-91-306,executive-decree-91-306,executive-decree-91-306,36,3/4,
3624,36,3605,Raml Essouk,رمل السوق,executive-decree-91-306,executive-decree-91-306,executive-decree-91-306,36,4/4,
3701,37,3701,Tindouf,تيندوف,executive-decree-91-306,executive-decree-91-306,executive-decree-91-306,37,1/1,
3702,37,3701,Oum El Assel,أم العسل,executive-decree-91-306,executive-decree-91-306,executive-decree-91-306,37,1/2,
3801,38,3801,Tissemsilt,تيسمسيلت,executive-decree-91-306,executive-decree-91-306,executive-decree-91-306,38,8/1,
3802,38,3802,Bordj Bou Naama,برج بونعامة,executive-decree-91-306,executive-decree-91-306,executive-decree-91-306,38,3/1,
3803,38,3803,Theniet El Had,ثنية الأحد,executive-decree-91-306,executive-decree-91-306,executive-decree-91-306,38,2/1,
3804,38,3804,Lazharia,الازهرية,executive-decree-91-306,executive-decree-91-306,executive-decree-91-306,38,5/1,
3805,38,3802,Béni Chaïb,بني شعيب,executive-decree-91-306,executive-decree-91-306,executive-decree-91-306,38,3/3,
3806,38,3806,Lardjem,الارجم,executive-decree-91-306,executive-decree-91-306,executive-decree-91-306,38,4/1,
3807,38,3806,Melaab,ملعب,executive-decree-91-306,executive-decree-91-306,executive-decree-91-306,38,4/3,
3808,38,3806,Sidi Lantri,سيدي العنتري,executive-decree-91-306,executive-decree-91-306,executive-decree-91-306,38,4/2,
3809,38,3809,Bordj Emir Abdelkader,برج الامير عبد القادر,executive-decree-91-306,executive-decree-91-306,executive-decree-91-306,38,7/1,
3810,38,3811,Layoun,العيون,executive-decree-91-306,executive-decree-91-306,executive-decree-91-306,38,1/2,
3811,38,3811,Khemisti,خميستي,executive-decree-91-306,executive-decree-91-306,executive-decree-91-306,38,1/1,
3812,38,3801,Ouled Bessem,أولاد بسام,executive-decree-91-306,executive-decree-91-306,executive-decree-91-306,38,8/2,
3813,38,3813,Ammari,عماري,executive-decree-91-306,executive-decree-91-306,executive-decree-91-306,38,6/1,
3814,38,3809,Youssoufia,اليوسفية,executive-decree-91-306,executive-decree-91-306,executive-decree-91-306,38,7/2,
3815,38,3803,Sidi Boutouchent,سيدي بوتوشنت,executive-decree-91-306,executive-decree-91-306,executive-decree-91-306,38,2/2,
3816,38,3804,Larbaa,الاربعاء,executive-decree-91-306,executive-decree-91-306,executive-decree-91-306,38,5/3,
3817,38,3813,Naaçem,المعاصم,executive-decree-91-306,executive-decree-91-306,executive-decree-91-306,38,6/3,
3818,38,3813,Sidi Abed,سيدي عابد,executive-decree-91-306,executive-decree-91-306,executive-decree-91-306,38,6/2,
3819,38,3806,Tamelaht,تاملاحت,executive-decree-91-306,executive-decree-91-306,executive-decree-91-306,38,4/4,
3820,38,3802,Sidi Slimane,سيدي سليمان,executive-decree-91-306,executive-decree-91-306,executive-decree-91-306,38,3/2,
3821,38,3804,Boukaïd,بوقايد,executive-decree-91-306,executive-decree-91-306,executive-decree-91-306,38,5/2,
3822,38,3802,Béni Lahcène,بني لحسن,executive-decree-91-306,executive-decree-91-306,executive-decree-91-306,38,3/4,
3901,39,3901,El Oued,الوادي,executive-decree-21-198,executive-decree-21-198,executive-decree-21-198,39,1/1,
3902,39,3902,Robbah,رباح,executive-decree-21-198,executive-decree-21-198,executive-decree-21-198,39,5/1,
3903,39,3926,Oued El Alenda,وادي العلندة,executive-decree-21-198,executive-decree-21-198,executive-decree-21-198,39,10/2,
3904,39,3904,Bayadha,البياضة,executive-decree-21-198,executive-decree-21-198,executive-decree-21-198,39,8/1,
3905,39,3902,Nakhla,النخلة,executive-decree-21-198,executive-decree-21-198,executive-decree-21-198,39,5/3,
3906,39,3906,Guemar,قمار,executive-decree-21-198,executive-decree-21-198,executive-decree-21-198,39,4/1,
3907,39,3901,Kouinine,كوينين,executive-decree-21-198,executive-decree-21-198,executive-decree-21-198,39,1/2,
3908,39,3908,Réguiba,الرقيبة,executive-decree-21-198,executive-decree-21-198,executive-decree-21-198,39,9/1,
3909,39,3908,Hamraia,حمراية,executive-decree-21-198,executive-decree-21-198,executive-decree-21-198,39,9/2,
3910,39,3906,Taghzout,تاغزوت,executive-decree-21-198,executive-decree-21-198,executive-decree-21-198,39,4/2,
3911,39,3911,Debila,الدبيلة,executive-decree-21-198,executive-decree-21-198,executive-decree-21-198,39,3/1,
3912,39,3911,Hassani Abdelkrim,حساني عبد الكريم,executive-decree-21-198,executive-decree-21-198,executive-decree-21-198,39,3/2,
3913,39,3913,Hassi Khelifa,حاسي خليفة,executive-decree-21-198,executive-decree-21-198,executive-decree-21-198,39,6/1,
3914,39,3914,Taleb Larbi,طالب العربي,executive-decree-21-198,executive-decree-21-198,executive-decree-21-198,39,2/1,
3915,39,3914,Douar El Ma,دوار الماء,executive-decree-21-198,executive-decree-21-198,executive-decree-21-198,39,2/2,
3916,39,3918,Sidi Aoun,سيدي عون,executive-decree-21-198,executive-decree-21-198,executive-decree-21-198,39,7/2,
3917,39,3913,Trifaoui,الطريفاوي,executive-decree-21-198,executive-decree-21-198,executive-decree-21-198,39,6/2,
3918,39,3918,Magrane,المقرن,executive-decree-21-198,executive-decree-21-198,executive-decree-21-198,39,7/1,
3919,39,3914,Beni Guecha,بني قشة,executive-decree-21-198,executive-decree-21-198,executive-decree-21-198,39,2/3,
3920,39,3906,Ourmas,ورماس,executive-decree-21-198,executive-decree-21-198,executive-decree-21-198,39,4/3,
3925,39,3902,El Ogla,العقلة,executive-decree-21-198,executive-decree-21-198,executive-decree-21-198,39,5/2,
3926,39,3926,Mih Ouansa,ميه ونسى,executive-decree-21-198,executive-decree-21-198,executive-decree-21-198,39,10/1,
4001,40,4001,Khenchela,خنشلة,executive-decree-91-306,executive-decree-91-306,executive-decree-91-306,40,8/1,
4002,40,4006,M’Toussa,متوسة,executive-decree-91-306,executive-decree-91-306,executive-decree-91-306,40,5/2,
4003,40,4003,Kaïs,قايس,executive-decree-91-306,executive-decree-91-306,executive-decree-91-306,40,1/1,
4004,40,4005,Baghai,بغاي,executive-decree-91-306,executive-decree-91-306,executive-decree-91-306,40,2/4,
4005,40,4005,El Hamma,الحامة,executive-decree-91-306,executive-decree-91-306,executive-decree-91-306,40,2/1,
4006,40,4006,Aïn Touila,عين الطويلة,executive-decree-91-306,executive-decree-91-306,executive-decree-91-306,40,5/1,
4007,40,4003,Taouzinet,تاوزينت,executive-decree-91-306,executive-decree-91-306,executive-decree-91-306,40,1/3,
4008,40,4008,Bouhmama,بوحمامة,executive-decree-91-306,executive-decree-91-306,executive-decree-91-306,40,4/1,
4009,40,4011,El Ouldja,الولجة,executive-decree-91-306,executive-decree-91-306,executive-decree-91-306,40,3/4,
4010,40,4003,Remila,الرميلة,executive-decree-91-306,executive-decree-91-306,executive-decree-91-306,40,1/2,
4011,40,4011,Chechar,ششار,executive-decree-91-306,executive-decree-91-306,executive-decree-91-306,40,3/1,
4012,40,4011,Djellal,جلال,executive-decree-91-306,executive-decree-91-306,executive-decree-91-306,40,3/2,
4013,40,4013,Babar,بابار,executive-decree-91-306,executive-decree-91-306,executive-decree-91-306,40,7/1,
4014,40,4005,Tamza,تامزة,executive-decree-91-306,executive-decree-91-306,executive-decree-91-306,40,2/2,
4015,40,4005,Ensigha,انسيغة,executive-decree-91-306,executive-decree-91-306,executive-decree-91-306,40,2/3,
4016,40,4016,Ouled Rechache,أولاد رشاش,executive-decree-91-306,executive-decree-91-306,executive-decree-91-306,40,6/1,
4017,40,4016,El Mahmel,المحمل,executive-decree-91-306,executive-decree-91-306,executive-decree-91-306,40,6/2,
4018,40,4008,M’Sara,مصارة,executive-decree-91-306,executive-decree-91-306,executive-decree-91-306,40,4/3,
4019,40,4008,Yabous,يابوس,executive-decree-91-306,executive-decree-91-306,executive-decree-91-306,40,4/4,
4020,40,4011,Khairane,خيران,executive-decree-91-306,executive-decree-91-306,executive-decree-91-306,40,3/3,
4021,40,4008,Chellia,شلية,executive-decree-91-306,executive-decree-91-306,executive-decree-91-306,40,4/2,
4101,41,4101,Souk Ahras,سوق أهراس,executive-decree-91-306,executive-decree-91-306,executive-decree-91-306,41,10/1,
4102,41,4102,Sedrata,سدراتة,executive-decree-91-306,executive-decree-91-306,executive-decree-91-306,41,2/1,
4103,41,4104,Hannencha,الحنانشة,executive-decree-91-306,executive-decree-91-306,executive-decree-91-306,41,7/2,
4104,41,4104,Mechroha,المشروحة,executive-decree-91-306,executive-decree-91-306,executive-decree-91-306,41,7/1,
4105,41,4105,Ouled Driss,أولاد ادريس,executive-decree-91-306,executive-decree-91-306,executive-decree-91-306,41,5/1,
4106,41,4115,Tiffech,تيفاش,executive-decree-91-306,executive-decree-91-306,executive-decree-91-306,41,3/2,
4107,41,4108,Zaarouria,الزعرورية,executive-decree-91-306,executive-decree-91-306,executive-decree-91-306,41,4/2,
4108,41,4108,Taoura,تاورة,executive-decree-91-306,executive-decree-91-306,executive-decree-91-306,41,4/1,
4109,41,4108,Drea,الدريعة,executive-decree-91-306,executive-decree-91-306,executive-decree-91-306,41,4/3,
4110,41,4110,Haddada,الحدادة,executive-decree-91-306,executive-decree-91-306,executive-decree-91-306,41,6/1,
4111,41,4110,Khedara,لخضارة,executive-decree-91-306,executive-decree-91-306,executive-decree-91-306,41,6/2,
4112,41,4112,Merahna,المراهنة,executive-decree-91-306,executive-decree-91-306,executive-decree-91-306,41,1/1,
4113,41,4110,Ouled Moumen,اولاد مؤمن,executive-decree-91-306,executive-decree-91-306,executive-decree-91-306,41,6/3,
4114,41,4114,Bir Bouhouche,بئر بوحوش,executive-decree-91-306,executive-decree-91-306,executive-decree-91-306,41,8/1,
4115,41,4115,M’Daourouch,مداوروش,executive-decree-91-306,executive-decree-91-306,executive-decree-91-306,41,3/1,
4116,41,4116,Oum El Adhaim,أم العظايم,executive-decree-91-306,executive-decree-91-306,executive-decree-91-306,41,9/1,
4117,41,4105,Ain Zana,عين الزانة,executive-decree-91-306,executive-decree-91-306,executive-decree-91-306,41,5/2,
4118,41,4102,Aïn Soltane,عين سلطان,executive-decree-91-306,executive-decree-91-306,executive-decree-91-306,41,2/3,
4119,41,4112,Ouillen,ويلان,executive-decree-91-306,executive-decree-91-306,executive-decree-91-306,41,1/2,
4120,41,4112,Sidi Fredj,سيدي فرج,executive-decree-91-306,executive-decree-91-306,executive-decree-91-306,41,1/3,
4121,41,4114,Safel Ouiden,سافل الويدان,executive-decree-91-306,executive-decree-91-306,executive-decree-91-306,41,8/3,
4122,41,4115,Ragouba,الرقوبة,executive-decree-91-306,executive-decree-91-306,executive-decree-91-306,41,3/3,
4123,41,4102,Khemissa,خميسة,executive-decree-91-306,executive-decree-91-306,executive-decree-91-306,41,2/2,
4124,41,4116,Oued Kebrit,وادي الكبريت,executive-decree-91-306,executive-decree-91-306,executive-decree-91-306,41,9/3,
4125,41,4116,Tarraguelt,ترقالت,executive-decree-91-306,executive-decree-91-306,executive-decree-91-306,41,9/2,
4126,41,4114,Zouabi,الزوابي,executive-decree-91-306,executive-decree-91-306,executive-decree-91-306,41,8/2,
4201,42,4201,Tipaza,تيبازة,executive-decree-91-306,executive-decree-91-306,executive-decree-91-306,42,14/1,
4202,42,4213,Menaceur,مناصر,executive-decree-91-306,executive-decree-91-306,executive-decree-91-306,42,11/3,
4203,42,4223,Larhat,الارهاط,executive-decree-91-306,executive-decree-91-306,executive-decree-91-306,42,10/2,
4204,42,4225,Douaouda,دواودة,executive-decree-91-306,executive-decree-91-306,executive-decree-91-306,42,8/2,
4205,42,4227,Bourkika,بورقيقة,executive-decree-91-306,executive-decree-91-306,executive-decree-91-306,42,12/2,
4206,42,4226,Khemisti,خميستي,executive-decree-91-306,executive-decree-91-306,executive-decree-91-306,42,9/3,
4210,42,4214,Aghbal,اغبال,executive-decree-91-306,executive-decree-91-306,executive-decree-91-306,42,7/3,
4212,42,4212,Hadjout,حجوط,executive-decree-91-306,executive-decree-91-306,executive-decree-91-306,42,5/1,
4213,42,4213,Sidi Amar,سيدي عمرو,executive-decree-91-306,executive-decree-91-306,executive-decree-91-306,42,11/1,
4214,42,4214,Gouraya,ڤوراية,executive-decree-91-306,executive-decree-91-306,executive-decree-91-306,42,7/1,
4215,42,4213,Nador,الناظور,executive-decree-91-306,executive-decree-91-306,executive-decree-91-306,42,11/2,
4216,42,4235,Chaiba,الشعيبة,executive-decree-91-306,executive-decree-91-306,executive-decree-91-306,42,4/2,
4217,42,4226,Aïn Tagourait,عين توقرايت,executive-decree-91-306,executive-decree-91-306,executive-decree-91-306,42,9/2,
4222,42,4222,Cherchell,شرشال,executive-decree-91-306,executive-decree-91-306,executive-decree-91-306,42,3/1,
4223,42,4223,Damous,الداموس,executive-decree-91-306,executive-decree-91-306,executive-decree-91-306,42,10/1,
4224,42,4212,Merad,مراد,executive-decree-91-306,executive-decree-91-306,executive-decree-91-306,42,5/2,
4225,42,4225,Fouka,فوكة,executive-decree-91-306,executive-decree-91-306,executive-decree-91-306,42,8/1,
4226,42,4226,Bou Ismaïl,بواسماعيل,executive-decree-91-306,executive-decree-91-306,executive-decree-91-306,42,9/1,
4227,42,4227,Ahmar El Aïn,احمر العين,executive-decree-91-306,executive-decree-91-306,executive-decree-91-306,42,12/1,
4230,42,4226,Bouharoun,بوهارون,executive-decree-91-306,executive-decree-91-306,executive-decree-91-306,42,9/4,
4232,42,4222,Sidi Ghilesse,سيدي غيلاس,executive-decree-91-306,executive-decree-91-306,executive-decree-91-306,42,3/2,
4233,42,4214,Messelmoun,مسلمون,executive-decree-91-306,executive-decree-91-306,executive-decree-91-306,42,7/2,
4234,42,4227,Sidi Rached,سيدي راشد,executive-decree-91-306,executive-decree-91-306,executive-decree-91-306,42,12/3,
4235,42,4235,Koléa,القليعة,executive-decree-91-306,executive-decree-91-306,executive-decree-91-306,42,4/1,
4236,42,4235,Hattatba,حطاطبة,executive-decree-91-306,executive-decree-91-306,executive-decree-91-306,42,4/3,
4240,42,4222,Sidi Semiane,سيدي سميان,executive-decree-91-306,executive-decree-91-306,executive-decree-91-306,42,3/4,
4241,42,4223,Beni Meleuk,بني مليك,executive-decree-91-306,executive-decree-91-306,executive-decree-91-306,42,10/3,
4242,42,4222,Hadjrat Nouss,حجرة النص,executive-decree-91-306,executive-decree-91-306,executive-decree-91-306,42,3/3,
4301,43,4301,Mila,ميلة,executive-decree-91-306,executive-decree-91-306,executive-decree-91-306,43,13/1,
4302,43,4302,Ferdjioua,فرجيوة,executive-decree-91-306,executive-decree-91-306,executive-decree-91-306,43,5/1,
4303,43,4303,Chelghoum Laïd,شلغوم العيد,executive-decree-91-306,executive-decree-91-306,executive-decree-91-306,43,1/1,
4304,43,4303,Oued Athmania,وادي العثمانية,executive-decree-91-306,executive-decree-91-306,executive-decree-91-306,43,1/2,
4305,43,4303,Aïn Mellouk,عين ملوك,executive-decree-91-306,executive-decree-91-306,executive-decree-91-306,43,1/3,
4306,43,4306,Teleghma,تلاغمة,executive-decree-91-306,executive-decree-91-306,executive-decree-91-306,43,6/1,
4307,43,4306,Oued Seguen,وادي سقان,executive-decree-91-306,executive-decree-91-306,executive-decree-91-306,43,6/2,
4308,43,4308,Tadjenanet,تاجنانت,executive-decree-91-306,executive-decree-91-306,executive-decree-91-306,43,7/1,
4309,43,4308,Benyahia Abderrahmane,بن يحي عبد الرحمن,executive-decree-91-306,executive-decree-91-306,executive-decree-91-306,43,7/2,
4310,43,4310,Oued Endja,وادي النجاء,executive-decree-91-306,executive-decree-91-306,executive-decree-91-306,43,4/1,
4311,43,4310,Ahmed Rachedi,احمد راشدي,executive-decree-91-306,executive-decree-91-306,executive-decree-91-306,43,4/3,
4312,43,4308,Ouled Khelouf,اولاد خلوف,executive-decree-91-306,executive-decree-91-306,executive-decree-91-306,43,7/3,
4313,43,4315,Tiberguent,تيبرقنت,executive-decree-91-306,executive-decree-91-306,executive-decree-91-306,43,9/2,
4314,43,4314,Bouhatem,بوحاتم,executive-decree-91-306,executive-decree-91-306,executive-decree-91-306,43,12/1,
4315,43,4315,Rouached,الرواشد,executive-decree-91-306,executive-decree-91-306,executive-decree-91-306,43,9/1,
4316,43,4323,Tessala Lamtai,تسالة لمطاعي,executive-decree-91-306,executive-decree-91-306,executive-decree-91-306,43,8/3,
4317,43,4317,Grarem Gouga,قرارم قوقة,executive-decree-91-306,executive-decree-91-306,executive-decree-91-306,43,2/1,
4318,43,4318,Sidi Merouane,سيدي مروان,executive-decree-91-306,executive-decree-91-306,executive-decree-91-306,43,3/1,
4319,43,4319,Tassadane Haddada,تسادان حدادة,executive-decree-91-306,executive-decree-91-306,executive-decree-91-306,43,10/1,
4320,43,4314,Derradji Bousselah,دراجي بوسلاح,executive-decree-91-306,executive-decree-91-306,executive-decree-91-306,43,12/2,
4321,43,4319,Minar Zarza,مينار زرزة,executive-decree-91-306,executive-decree-91-306,executive-decree-91-306,43,10/2,
4322,43,4323,Amira Arres,عميرة عراس,executive-decree-91-306,executive-decree-91-306,executive-decree-91-306,43,8/2,
4323,43,4323,Terrai Baïnem,ترعي بينان,executive-decree-91-306,executive-decree-91-306,executive-decree-91-306,43,8/1,
4324,43,4317,Hamala,حمالة,executive-decree-91-306,executive-decree-91-306,executive-decree-91-306,43,2/2,
4325,43,4301,Ain Tine,عين التين,executive-decree-91-306,executive-decree-91-306,executive-decree-91-306,43,13/3,
4326,43,4306,El Mechira,المشيرة,executive-decree-91-306,executive-decree-91-306,executive-decree-91-306,43,6/3,
4327,43,4301,Sidi Khelifa,سيدي خليفة,executive-decree-91-306,executive-decree-91-306,executive-decree-91-306,43,13/2,
4328,43,4310,Zeghaïa,الزغاية,executive-decree-91-306,executive-decree-91-306,executive-decree-91-306,43,4/2,
4329,43,4330,El Ayadi Barbès,العيادي بربس,executive-decree-91-306,executive-decree-91-306,executive-decree-91-306,43,11/2,
4330,43,4330,Aïn Beida Harriche,عين البيضاء حريش,executive-decree-91-306,executive-decree-91-306,executive-decree-91-306,43,11/1,
4331,43,4302,Yahia Beni Guecha,يحي بني قشة,executive-decree-91-306,executive-decree-91-306,executive-decree-91-306,43,5/2,
4332,43,4318,Chigara,الشيقارة,executive-decree-91-306,executive-decree-91-306,executive-decree-91-306,43,3/2,
4401,44,4401,Aïn Defla,عين الدفلى,executive-decree-91-306,executive-decree-91-306,executive-decree-91-306,44,14/1,
4402,44,4402,Miliana,مليانة,executive-decree-91-306,executive-decree-91-306,executive-decree-91-306,44,1/1,
4403,44,4403,Boumedfaa,بومدفع,executive-decree-91-306,executive-decree-91-306,executive-decree-91-306,44,7/1,
4404,44,4404,Khemis,الخميس,executive-decree-91-306,executive-decree-91-306,executive-decree-91-306,44,5/1,
4405,44,4405,Hammam Righa,حمام ريغة,executive-decree-91-306,executive-decree-91-306,executive-decree-91-306,44,6/1,
4406,44,4408,Arib,عريب,executive-decree-91-306,executive-decree-91-306,executive-decree-91-306,44,13/3,
4407,44,4407,Djelida,جليدة,executive-decree-91-306,executive-decree-91-306,executive-decree-91-306,44,3/1,
4408,44,4408,El Amra,العامرة,executive-decree-91-306,executive-decree-91-306,executive-decree-91-306,44,13/1,
4409,44,4407,Bourached,بو راشد,executive-decree-91-306,executive-decree-91-306,executive-decree-91-306,44,3/2,
4410,44,4410,El Attaf,العطاف,executive-decree-91-306,executive-decree-91-306,executive-decree-91-306,44,4/1,
4411,44,4411,El Abadia,العبادية,executive-decree-91-306,executive-decree-91-306,executive-decree-91-306,44,12/1,
4412,44,4412,Djendel,جندل,executive-decree-91-306,executive-decree-91-306,executive-decree-91-306,44,2/1,
4413,44,4412,Oued Chorfa,وادي الشرفاء,executive-decree-91-306,executive-decree-91-306,executive-decree-91-306,44,2/2,
4414,44,4414,Aïn Lechiakh,عين الأشياخ,executive-decree-91-306,executive-decree-91-306,executive-decree-91-306,44,8/1,
4415,44,4414,Oued Djemaa,وادي الجمعة,executive-decree-91-306,executive-decree-91-306,executive-decree-91-306,44,8/2,
4416,44,4416,Rouina,روينة,executive-decree-91-306,executive-decree-91-306,executive-decree-91-306,44,11/1,
4417,44,4416,Zeddine,زدين,executive-decree-91-306,executive-decree-91-306,executive-decree-91-306,44,11/2,
4418,44,4431,El Hassania,الحسانية,executive-decree-91-306,executive-decree-91-306,executive-decree-91-306,44,10/2,
4419,44,4422,Bir Ould Khlifa,بئر ولد خليفة,executive-decree-91-306,executive-decree-91-306,executive-decree-91-306,44,9/3,
4420,44,4414,Aïn Soltane,عين السلطان,executive-decree-91-306,executive-decree-91-306,executive-decree-91-306,44,8/3,
4421,44,4422,Tarik Ibn Ziad,طارق بن زياد,executive-decree-91-306,executive-decree-91-306,executive-decree-91-306,44,9/2,
4422,44,4422,Bordj El Emir Khaled,برج الامير خالد,executive-decree-91-306,executive-decree-91-306,executive-decree-91-306,44,9/1,
4423,44,4405,Aïn Torki,عين التركي,executive-decree-91-306,executive-decree-91-306,executive-decree-91-306,44,6/2,
4424,44,4404,Sidi Lakhdar,سيدي الأخضر,executive-decree-91-306,executive-decree-91-306,executive-decree-91-306,44,5/2,
4425,44,4402,Ben Allal,بن علال,executive-decree-91-306,executive-decree-91-306,executive-decree-91-306,44,1/2,
4426,44,4405,Aïn Benian,عين البنيان,executive-decree-91-306,executive-decree-91-306,executive-decree-91-306,44,6/3,
4427,44,4403,El Hoceinia,الحسينية,executive-decree-91-306,executive-decree-91-306,executive-decree-91-306,44,7/2,
4428,44,4412,Barbouche,بربوش,executive-decree-91-306,executive-decree-91-306,executive-decree-91-306,44,2/3,
4429,44,4407,Djemaa Ouled Chikh,جماعة أولاد الشيخ,executive-decree-91-306,executive-decree-91-306,executive-decree-91-306,44,3/3,
4430,44,4408,Mekhatria,المخاطرية,executive-decree-91-306,executive-decree-91-306,executive-decree-91-306,44,13/2,
4431,44,4431,Bathia,بطحية,executive-decree-91-306,executive-decree-91-306,executive-decree-91-306,44,10/1,
4432,44,4411,Tachta Zouggagha,تاشتة زقاغة,executive-decree-91-306,executive-decree-91-306,executive-decree-91-306,44,12/3,
4433,44,4411,Aïn Bouyahia,عين بويحي,executive-decree-91-306,executive-decree-91-306,executive-decree-91-306,44,12/2,
4434,44,4416,El Maine,الماين,executive-decree-91-306,executive-decree-91-306,executive-decree-91-306,44,11/3,
4435,44,4410,Tiberkanine,تبركانين,executive-decree-91-306,executive-decree-91-306,executive-decree-91-306,44,4/2,
4436,44,4431,Belaas,بالعاص,executive-decree-91-306,executive-decree-91-306,executive-decree-91-306,44,10/3,
4501,45,4501,Naama,النعامة,executive-decree-91-306,executive-decree-91-306,executive-decree-91-306,45,7/1,
4502,45,4502,Mecheria,مشرية,executive-decree-91-306,executive-decree-91-306,executive-decree-91-306,45,1/1,
4503,45,4503,Aïn Sefra,عين الصفراء,executive-decree-91-306,executive-decree-91-306,executive-decree-91-306,45,2/1,
4504,45,4503,Tiout,تيوت,executive-decree-91-306,executive-decree-91-306,executive-decree-91-306,45,2/2,
4505,45,4505,Sfissifa,سفيسيفة,executive-decree-91-306,executive-decree-91-306,executive-decree-91-306,45,6/1,
4506,45,4506,Moghrar,مغرار,executive-decree-91-306,executive-decree-91-306,executive-decree-91-306,45,4/1,
4507,45,4507,Asla,عسلة,executive-decree-91-306,executive-decree-91-306,executive-decree-91-306,45,5/1,
4508,45,4506,Djeniene Bourezg,حنين بورزق,executive-decree-91-306,executive-decree-91-306,executive-decree-91-306,45,4/2,
4509,45,4502,Aïn Ben Khelil,عين بن خليل,executive-decree-91-306,executive-decree-91-306,executive-decree-91-306,45,1/2,
4510,45,4510,Mekmen Ben Amar,مكمن بن عمر,executive-decree-91-306,executive-decree-91-306,executive-decree-91-306,45,3/1,
4511,45,4510,Kasdir,قصدير,executive-decree-91-306,executive-decree-91-306,executive-decree-91-306,45,3/2,
4512,45,4502,El Biodh,البيوض,executive-decree-91-306,executive-decree-91-306,executive-decree-91-306,45,1/3,
4601,46,4601,Aïn Témouchent,عين تموشنت,executive-decree-91-306,executive-decree-91-306,executive-decree-91-306,46,8/1,
4602,46,4614,Chaabat El Ham,شعبة اللحم,executive-decree-91-306,executive-decree-91-306,executive-decree-91-306,46,1/3,
4603,46,4603,Aïn Kihel,عين الكيحل,executive-decree-91-306,executive-decree-91-306,executive-decree-91-306,46,4/1,
4604,46,4604,Hammam Bouhadjar,حمام بوحجر,executive-decree-91-306,executive-decree-91-306,executive-decree-91-306,46,2/1,
4605,46,4619,Bouzedjar,بوزجار,executive-decree-91-306,executive-decree-91-306,executive-decree-91-306,46,5/3,
4606,46,4604,Oued Barkach,وادي برقش,executive-decree-91-306,executive-decree-91-306,executive-decree-91-306,46,2/3,
4607,46,4603,Aghlel,أغلال,executive-decree-91-306,executive-decree-91-306,executive-decree-91-306,46,4/2,
4608,46,4614,Terga,تارقة,executive-decree-91-306,executive-decree-91-306,executive-decree-91-306,46,1/2,
4609,46,4609,Aïn Larbaa,عين الاربعاء,executive-decree-91-306,executive-decree-91-306,executive-decree-91-306,46,6/1,
4610,46,4609,Tamzoura,تامزورة,executive-decree-91-306,executive-decree-91-306,executive-decree-91-306,46,6/4,
4611,46,4604,Chentouf,شنتوف,executive-decree-91-306,executive-decree-91-306,executive-decree-91-306,46,2/4,
4612,46,4601,Sidi Ben Adda,سيدي بن عدة,executive-decree-91-306,executive-decree-91-306,executive-decree-91-306,46,8/2,
4613,46,4603,Aoubelil,عقب الليل,executive-decree-91-306,executive-decree-91-306,executive-decree-91-306,46,4/3,
4614,46,4614,El Maleh,المالح,executive-decree-91-306,executive-decree-91-306,executive-decree-91-306,46,1/1,
4615,46,4609,Sidi Boumediene,سيدي بومدين,executive-decree-91-306,executive-decree-91-306,executive-decree-91-306,46,6/3,
4616,46,4609,Oued Sebah,وادي الصباح,executive-decree-91-306,executive-decree-91-306,executive-decree-91-306,46,6/2,
4617,46,4619,Ouled Boudjemaa,أولاد بوجمعة,executive-decree-91-306,executive-decree-91-306,executive-decree-91-306,46,5/5,
4618,46,4603,Aïn Tolba,عين الطلبة,executive-decree-91-306,executive-decree-91-306,executive-decree-91-306,46,4/4,
4619,46,4619,El Amria,العامرية,executive-decree-91-306,executive-decree-91-306,executive-decree-91-306,46,5/1,
4620,46,4619,Hassi El Ghella,حاسي الغلة,executive-decree-91-306,executive-decree-91-306,executive-decree-91-306,46,5/2,
4621,46,4604,El Hassasna,الحساسنة,executive-decree-91-306,executive-decree-91-306,executive-decree-91-306,46,2/2,
4622,46,4614,Oued Kihel,وادي كيحل,executive-decree-91-306,executive-decree-91-306,executive-decree-91-306,46,1/4,
4623,46,4623,Beni Saf,بني صاف,executive-decree-91-306,executive-decree-91-306,executive-decree-91-306,46,3/1,
4624,46,4623,Sidi Safi,سيدي الصافي,executive-decree-91-306,executive-decree-91-306,executive-decree-91-306,46,3/2,
4625,46,4625,Oulhassa Gheraba,ولهاصة الغرابة,executive-decree-91-306,executive-decree-91-306,executive-decree-91-306,46,7/1,
4626,46,4625,Sidi Ouriach,سيدي أورياش,executive-decree-91-306,executive-decree-91-306,executive-decree-91-306,46,7/2,
4627,46,4623,Emir Abdelkader,الامير عبد القادر,executive-decree-91-306,executive-decree-91-306,executive-decree-91-306,46,3/3,
4628,46,4619,El M’Saïd,المساعيد,executive-decree-91-306,executive-decree-91-306,executive-decree-91-306,46,5/4,
4701,47,4701,Ghardaïa,غرداية,executive-decree-21-198,executive-decree-21-198,executive-decree-21-198,47,1/1,
4703,47,4703,Dhayet Bendhahoua,ضاية بن ضحوة,executive-decree-21-198,executive-decree-21-198,executive-decree-21-198,47,7/1,
4704,47,4704,Berriane,بريان,executive-decree-21-198,executive-decree-21-198,executive-decree-21-198,47,3/1,
4705,47,4705,Metlili,متليلي,executive-decree-21-198,executive-decree-21-198,executive-decree-21-198,47,2/1,
4706,47,4706,El Guerrera,القرارة,executive-decree-21-198,executive-decree-21-198,executive-decree-21-198,47,4/1,
4707,47,4710,El Atteuf,العطف,executive-decree-21-198,executive-decree-21-198,executive-decree-21-198,47,6/2,
4708,47,4708,Zelfana,زلفانة,executive-decree-21-198,executive-decree-21-198,executive-decree-21-198,47,5/1,
4709,47,4705,Sebseb,سبسب,executive-decree-21-198,executive-decree-21-198,executive-decree-21-198,47,2/2,
4710,47,4710,Bounoura,بونورة,executive-decree-21-198,executive-decree-21-198,executive-decree-21-198,47,6/1,
4713,47,4713,Mansoura,المنصورة,executive-decree-21-198,executive-decree-21-198,executive-decree-21-198,47,8/1,
4801,48,4801,Relizane,غليزان,executive-decree-91-306,executive-decree-91-306,executive-decree-91-306,48,13/1,
4802,48,4802,Oued Rhiou,وادي رهيو,executive-decree-91-306,executive-decree-91-306,executive-decree-91-306,48,4/1,
4803,48,4817,Belaassel Bouzegza,بلعسل بوزقزة,executive-decree-91-306,executive-decree-91-306,executive-decree-91-306,48,3/2,
4804,48,4825,Sidi Saada,سيدي سعادة,executive-decree-91-306,executive-decree-91-306,executive-decree-91-306,48,7/2,
4805,48,4811,Ouled Aïch,أولاد يعيش,executive-decree-91-306,executive-decree-91-306,executive-decree-91-306,48,1/3,
4806,48,4828,Sidi Lazreg,سيدي لزرق,executive-decree-91-306,executive-decree-91-306,executive-decree-91-306,48,6/3,
4807,48,4807,El H’Madna,الحمادنة,executive-decree-91-306,executive-decree-91-306,executive-decree-91-306,48,8/1,
4808,48,4808,Sidi M’Hamed Ben Ali,سيدي محمد بن علي,executive-decree-91-306,executive-decree-91-306,executive-decree-91-306,48,12/1,
4809,48,4808,Mediouna,مديونة,executive-decree-91-306,executive-decree-91-306,executive-decree-91-306,48,12/2,
4810,48,4817,Sidi Khetab,سيدي خطاب,executive-decree-91-306,executive-decree-91-306,executive-decree-91-306,48,3/3,
4811,48,4811,Ammi Moussa,عمي موسى,executive-decree-91-306,executive-decree-91-306,executive-decree-91-306,48,1/1,
4812,48,4812,Zemmoura,زمورة,executive-decree-91-306,executive-decree-91-306,executive-decree-91-306,48,2/1,
4813,48,4812,Beni Dergoune,بني درقون,executive-decree-91-306,executive-decree-91-306,executive-decree-91-306,48,2/2,
4814,48,4814,Djidiouia,جديوية,executive-decree-91-306,executive-decree-91-306,executive-decree-91-306,48,11/1,
4815,48,4822,El Guettar,القطار,executive-decree-91-306,executive-decree-91-306,executive-decree-91-306,48,5/2,
4816,48,4814,El Hamri,الحمري,executive-decree-91-306,executive-decree-91-306,executive-decree-91-306,48,11/3,
4817,48,4817,El Matmar,المطمر,executive-decree-91-306,executive-decree-91-306,executive-decree-91-306,48,3/1,
4818,48,4817,Sidi M’Hamed Ben Aouda,سيدي امحمد بن عودة,executive-decree-91-306,executive-decree-91-306,executive-decree-91-306,48,3/4,
4819,48,4819,Aïn Tarek,عين طارق,executive-decree-91-306,executive-decree-91-306,executive-decree-91-306,48,9/1,
4820,48,4828,Oued Essalem,وادي السلام,executive-decree-91-306,executive-decree-91-306,executive-decree-91-306,48,6/2,
4821,48,4802,Ouarizène,ورزان,executive-decree-91-306,executive-decree-91-306,executive-decree-91-306,48,4/3,
4822,48,4822,Mazouna,مازونة,executive-decree-91-306,executive-decree-91-306,executive-decree-91-306,48,5/1,
4823,48,4825,Kalaa,القلعة,executive-decree-91-306,executive-decree-91-306,executive-decree-91-306,48,7/4,
4824,48,4825,Aïn Rahma,عين الرحمة,executive-decree-91-306,executive-decree-91-306,executive-decree-91-306,48,7/3,
4825,48,4825,Yellel,يلل,executive-decree-91-306,executive-decree-91-306,executive-decree-91-306,48,7/1,
4826,48,4807,Oued Djemaa,وادي الجمعة,executive-decree-91-306,executive-decree-91-306,executive-decree-91-306,48,8/2,
4827,48,4827,Ramka,الرمكة,executive-decree-91-306,executive-decree-91-306,executive-decree-91-306,48,10/1,
4828,48,4828,Mendes,منداس,executive-decree-91-306,executive-decree-91-306,executive-decree-91-306,48,6/1,
4829,48,4802,Lahlef,الاحلاف,executive-decree-91-306,executive-decree-91-306,executive-decree-91-306,48,4/4,
4830,48,4808,Beni Zentis,بني زنتيس,executive-decree-91-306,executive-decree-91-306,executive-decree-91-306,48,12/3,
4831,48,4827,Souk El Had,سوق الاحد,executive-decree-91-306,executive-decree-91-306,executive-decree-91-306,48,10/2,
4832,48,4812,Dar Ben Abdellah,دار بن عبدالله,executive-decree-91-306,executive-decree-91-306,executive-decree-91-306,48,2/3,
4833,48,4811,El Hassi,الحاسي,executive-decree-91-306,executive-decree-91-306,executive-decree-91-306,48,1/4,
4834,48,4819,Had Echkala,حد الشكالة,executive-decree-91-306,executive-decree-91-306,executive-decree-91-306,48,9/2,
4835,48,4801,Bendaoud,بن داود,executive-decree-91-306,executive-decree-91-306,executive-decree-91-306,48,13/2,
4836,48,4811,El Ouldja,الولجة,executive-decree-91-306,executive-decree-91-306,executive-decree-91-306,48,1/2,
4837,48,4802,Merdja Sidi Abed,مرجة سيدي عابد,executive-decree-91-306,executive-decree-91-306,executive-decree-91-306,48,4/2,
4838,48,4814,Ouled Sidi Mihoub,اولاد سيدي ميهوب,executive-decree-91-306,executive-decree-91-306,executive-decree-91-306,48,11/2,
4901,49,4901,Timimoun,تيميمون,executive-decree-21-198,executive-decree-21-198,executive-decree-21-198,49,1/1,
4902,49,4902,Charouine,شروين,executive-decree-21-198,executive-decree-21-198,executive-decree-21-198,49,4/1,
4903,49,4905,Ksar Kaddour,قصر قدور,executive-decree-21-198,executive-decree-21-198,executive-decree-21-198,49,3/2,
4904,49,4901,Ouled Saïd,أولاد السعيد,executive-decree-21-198,executive-decree-21-198,executive-decree-21-198,49,1/2,
4905,49,4905,Tinerkouk,تينركوك,executive-decree-21-198,executive-decree-21-198,executive-decree-21-198,49,3/1,
4906,49,4908,Deldoul,دلدول,executive-decree-21-198,executive-decree-21-198,executive-decree-21-198,49,2/2,
4907,49,4908,Metarfa,المطارفة,executive-decree-21-198,executive-decree-21-198,executive-decree-21-198,49,2/3,
4908,49,4908,Aougrout,أوقروت,executive-decree-21-198,executive-decree-21-198,executive-decree-21-198,49,2/1,
4909,49,4902,Talmine,طالمين,executive-decree-21-198,executive-decree-21-198,executive-decree-21-198,49,4/2,
4910,49,4902,Ouled Aïssa,أولاد عيسى,executive-decree-21-198,executive-decree-21-198,executive-decree-21-198,49,4/3,
5001,50,5001,Bordj Badji Mokhtar,برج باجي مختار,executive-decree-21-198,executive-decree-21-198,executive-decree-21-198,50,1/1,
5002,50,5001,Timiaouine,تيمياوين,executive-decree-21-198,executive-decree-21-198,executive-decree-21-198,50,1/2,
5101,51,5101,Ouled Djellal,أولاد جلال,executive-decree-21-198,executive-decree-21-198,executive-decree-21-198,51,1/1,
5102,51,5104,Ras El Miaad,رأس الميعاد,executive-decree-21-198,executive-decree-21-198,executive-decree-21-198,51,2/3,
5103,51,5104,Besbes,بسباس,executive-decree-21-198,executive-decree-21-198,executive-decree-21-198,51,2/2,
5104,51,5104,Sidi Khaled,سيدي خالد,executive-decree-21-198,executive-decree-21-198,executive-decree-21-198,51,2/1,
5105,51,5101,Doucen,الدوسن,executive-decree-21-198,executive-decree-21-198,executive-decree-21-198,51,1/2,
5106,51,5101,Chaïba,الشعيبة,executive-decree-21-198,executive-decree-21-198,executive-decree-21-198,51,1/3,
5201,52,5201,Beni Abbès,بني عباس,executive-decree-21-198,executive-decree-21-198,executive-decree-21-198,52,1/1,
5202,52,5202,Ouled Khodeir,أولاد خضير,executive-decree-21-198,executive-decree-21-198,executive-decree-21-198,52,5/1,
5203,52,5208,Timoudi,تيمودي,executive-decree-21-198,executive-decree-21-198,executive-decree-21-198,52,2/2,
5204,52,5207,Béni Ikhlef,بني يخلف,executive-decree-21-198,executive-decree-21-198,executive-decree-21-198,52,4/2,
5205,52,5205,Igli,اقلي,executive-decree-21-198,executive-decree-21-198,executive-decree-21-198,52,3/1,
5206,52,5206,Tabelbala,تبلبالة,executive-decree-21-198,executive-decree-21-198,executive-decree-21-198,52,6/1,
5207,52,5207,El Ouata,الوطاء,executive-decree-21-198,executive-decree-21-198,executive-decree-21-198,52,4/1,
5208,52,5208,Kerzaz,كرزاز,executive-decree-21-198,executive-decree-21-198,executive-decree-21-198,52,2/1,
5209,52,5202,Ksabi,قصابي,executive-decree-21-198,executive-decree-21-198,executive-decree-21-198,52,5/2,
5210,52,5201,Tamter,تامترت,executive-decree-21-198,executive-decree-21-198,executive-decree-21-198,52,1/2,
5301,53,5301,In Salah,إن صالح,executive-decree-21-198,executive-decree-21-198,executive-decree-21-198,53,1/1,
5302,53,5302,In Ghar,إن غار,executive-decree-21-198,executive-decree-21-198,executive-decree-21-198,53,2/1,
5303,53,5301,Fouggaret Ezzaouia,فقارت الزاوية,executive-decree-21-198,executive-decree-21-198,executive-decree-21-198,53,1/2,
5401,54,5401,In Guezzam,إن قزام,executive-decree-21-198,executive-decree-21-198,executive-decree-21-198,54,1/1,
5402,54,5402,Tin Zaouatine,تين زواتين,executive-decree-21-198,executive-decree-21-198,executive-decree-21-198,54,2/1,
5501,55,5501,Touggourt,توقرت,executive-decree-21-198,executive-decree-21-198,executive-decree-21-198,55,1/1,
5502,55,5509,Blidat Ameur,بليدة عامر,executive-decree-21-198,executive-decree-21-198,executive-decree-21-198,55,4/2,
5503,55,5501,Tebesbest,تيبسبست,executive-decree-21-198,executive-decree-21-198,executive-decree-21-198,55,1/3,
5504,55,5501,Nezla,النزلة,executive-decree-21-198,executive-decree-21-198,executive-decree-21-198,55,1/2,
5505,55,5501,Zaouia El Abidia,زاوية العابدية,executive-decree-21-198,executive-decree-21-198,executive-decree-21-198,55,1/4,
5506,55,5512,Sidi Slimane,سيدي سليمان,executive-decree-21-198,executive-decree-21-198,executive-decree-21-198,55,3/2,
5507,55,5507,El Hadjira,الحجيرة,executive-decree-21-198,executive-decree-21-198,executive-decree-21-198,55,5/1,
5508,55,5508,Taibet,الطيبات,executive-decree-21-198,executive-decree-21-198,executive-decree-21-198,55,2/1,
5509,55,5509,Temacine,تماسين,executive-decree-21-198,executive-decree-21-198,executive-decree-21-198,55,4/1,
5510,55,5508,Benaceur,بن ناصر,executive-decree-21-198,executive-decree-21-198,executive-decree-21-198,55,2/3,
5511,55,5508,M’Naguar,المنقر,executive-decree-21-198,executive-decree-21-198,executive-decree-21-198,55,2/2,
5512,55,5512,Megarine,المقارين,executive-decree-21-198,executive-decree-21-198,executive-decree-21-198,55,3/1,
5513,55,5507,El Allia,العالية,executive-decree-21-198,executive-decree-21-198,executive-decree-21-198,55,5/2,
5601,56,5601,Djanet,جانت,executive-decree-21-198,executive-decree-21-198,executive-decree-21-198,56,1/1,
5602,56,5601,Bordj El Houasse,برج الحواس,executive-decree-21-198,executive-decree-21-198,executive-decree-21-198,56,1/2,
5701,57,5701,El Meghaier,المغير,executive-decree-21-198,executive-decree-21-198,executive-decree-21-198,57,1/1,
5702,57,5701,Still,سطيل,executive-decree-21-198,executive-decree-21-198,executive-decree-21-198,57,1/4,
5703,57,5706,M’Rara,مرارة,executive-decree-21-198,executive-decree-21-198,executive-decree-21-198,57,2/4,
5704,57,5701,Sidi Khelil,سيدي خليل,executive-decree-21-198,executive-decree-21-198,executive-decree-21-198,57,1/2,
5705,57,5706,Tendla,تندلة,executive-decree-21-198,executive-decree-21-198,executive-decree-21-198,57,2/3,
5706,57,5706,Djamaâ,جامعة,executive-decree-21-198,executive-decree-21-198,executive-decree-21-198,57,2/1,
5707,57,5701,Oum Touyour,أم الطيور,executive-decree-21-198,executive-decree-21-198,executive-decree-21-198,57,1/3,
5708,57,5706,Sidi Amrane,سيدي عمران,executive-decree-21-198,executive-decree-21-198,executive-decree-21-198,57,2/2,
5801,58,5801,El Meniaâ,المنيعة,executive-decree-21-198,executive-decree-21-198,executive-decree-21-198,58,1/1,
5802,58,5801,Hassi Fehal,حاسي الفحل,executive-decree-21-198,executive-decree-21-198,executive-decree-21-198,58,1/3,
5803,58,5801,Hassi Gara,حاسي القارة,executive-decree-21-198,executive-decree-21-198,executive-decree-21-198,58,1/2,
